2025-10-21 10:56:51,153 INFO o.s.b.StartupInfoLogger [restartedMain] Starting AlternateCdisApplication using Java 1.8.0_281 on DESKTOP-7G009UU with PID 20740 (C:\Users\radug\git\repository\alternateCdis\target\classes started by radug in C:\Users\radug\git\repository\alternateCdis)
2025-10-21 10:56:51,176 INFO o.s.b.SpringApplication [restartedMain] No active profile set, falling back to default profiles: default
2025-10-21 10:56:51,204 INFO o.s.b.l.DeferredLog [restartedMain] Devtools property defaults active! Set 'spring.devtools.add-properties' to 'false' to disable
2025-10-21 10:56:51,204 INFO o.s.b.l.DeferredLog [restartedMain] For additional web related logging consider setting the 'logging.level.web' property to 'DEBUG'
2025-10-21 10:56:52,238 INFO o.s.d.r.c.RepositoryConfigurationDelegate [restartedMain] Bootstrapping Spring Data JDBC repositories in DEFAULT mode.
2025-10-21 10:56:52,253 INFO o.s.d.r.c.RepositoryConfigurationDelegate [restartedMain] Finished Spring Data repository scanning in 13 ms. Found 0 JDBC repository interfaces.
2025-10-21 10:56:52,701 INFO o.s.b.w.e.t.TomcatWebServer [restartedMain] Tomcat initialized with port(s): 444 (https) 8080 (http)
2025-10-21 10:56:52,715 INFO o.a.j.l.DirectJDKLog [restartedMain] Initializing ProtocolHandler ["https-jsse-nio-444"]
2025-10-21 10:56:52,715 INFO o.a.j.l.DirectJDKLog [restartedMain] Initializing ProtocolHandler ["http-nio-8080"]
2025-10-21 10:56:52,722 INFO o.a.j.l.DirectJDKLog [restartedMain] Starting service [Tomcat]
2025-10-21 10:56:52,723 INFO o.a.j.l.DirectJDKLog [restartedMain] Starting Servlet engine: [Apache Tomcat/9.0.45]
2025-10-21 10:56:53,315 INFO o.a.j.l.DirectJDKLog [restartedMain] Initializing Spring embedded WebApplicationContext
2025-10-21 10:56:53,315 INFO o.s.b.w.s.c.ServletWebServerApplicationContext [restartedMain] Root WebApplicationContext: initialization completed in 2111 ms
2025-10-21 10:56:53,567 INFO o.s.b.a.s.s.UserDetailsServiceAutoConfiguration [restartedMain] 

Using generated security password: 1b6a2a3e-dbd4-4384-99e6-4dedb27fe5d2

2025-10-21 10:56:53,621 INFO o.s.s.w.a.c.ChannelProcessingFilter [restartedMain] Validated configuration attributes
2025-10-21 10:56:53,622 INFO o.s.s.w.DefaultSecurityFilterChain [restartedMain] Will secure any request with [org.springframework.security.web.access.channel.ChannelProcessingFilter@5c31d82e, org.springframework.security.web.context.request.async.WebAsyncManagerIntegrationFilter@37d616a8, org.springframework.security.web.context.SecurityContextPersistenceFilter@5976da2a, org.springframework.security.web.header.HeaderWriterFilter@62f07eee, org.springframework.security.web.authentication.logout.LogoutFilter@62dc2ece, org.springframework.security.web.savedrequest.RequestCacheAwareFilter@36b1799d, org.springframework.security.web.servletapi.SecurityContextHolderAwareRequestFilter@735d92e4, org.springframework.security.web.authentication.AnonymousAuthenticationFilter@4e4e4adf, org.springframework.security.web.session.SessionManagementFilter@1b619f92, org.springframework.security.web.access.ExceptionTranslationFilter@6d5d381a]
2025-10-21 10:56:53,685 INFO o.s.s.c.ExecutorConfigurationSupport [restartedMain] Initializing ExecutorService 'applicationTaskExecutor'
2025-10-21 10:56:53,746 INFO o.s.b.a.w.s.WelcomePageHandlerMapping [restartedMain] Adding welcome page: URL [file:C:/Users/radug/git/repository/alternateCdis/target/static//index.html]
2025-10-21 10:56:53,829 INFO c.z.h.HikariDataSource [restartedMain] HikariPool-1 - Starting...
2025-10-21 10:56:54,397 INFO c.z.h.HikariDataSource [restartedMain] HikariPool-1 - Start completed.
2025-10-21 10:56:54,477 INFO o.s.b.d.a.OptionalLiveReloadServer [restartedMain] LiveReload server is running on port 35729
2025-10-21 10:56:54,488 INFO o.a.j.l.DirectJDKLog [restartedMain] Starting ProtocolHandler ["https-jsse-nio-444"]
2025-10-21 10:56:54,809 INFO o.a.j.l.DirectJDKLog [restartedMain] Starting ProtocolHandler ["http-nio-8080"]
2025-10-21 10:56:54,813 INFO o.s.b.w.e.t.TomcatWebServer [restartedMain] Tomcat started on port(s): 444 (https) 8080 (http) with context path '/ncdis'
2025-10-21 10:56:54,820 INFO o.s.b.StartupInfoLogger [restartedMain] Started AlternateCdisApplication in 4.01 seconds (JVM running for 6.537)
2025-10-21 10:58:30,134 INFO o.a.j.l.DirectJDKLog [https-jsse-nio-444-exec-6] Initializing Spring DispatcherServlet 'dispatcherServlet'
2025-10-21 10:58:30,134 INFO o.s.w.s.FrameworkServlet [https-jsse-nio-444-exec-6] Initializing Servlet 'dispatcherServlet'
2025-10-21 10:58:30,135 INFO o.s.w.s.FrameworkServlet [https-jsse-nio-444-exec-6] Completed initialization in 1 ms
2025-10-21 10:58:37,371 INFO c.g.c.d.ChbDBridge [https-jsse-nio-444-exec-2] Get User :radu  radu@grvtech.ca  iduser : 1
2025-10-21 10:58:37,372 INFO c.g.c.d.ChbDBridge [https-jsse-nio-444-exec-2] Get Action :LOGIN
2025-10-21 10:58:37,394 INFO c.g.c.d.ChbDBridge [https-jsse-nio-444-exec-2] Get User Session by iduser and ipuser : iduser:null  session:0
2025-10-21 10:58:37,445 INFO c.g.c.d.ChbDBridge [https-jsse-nio-444-exec-2] Set User Session  : iduser:null  session:0
2025-10-21 10:58:37,484 INFO c.g.c.d.ChbDBridge [https-jsse-nio-444-exec-2] Set Event : 1  user:1 session:5bf84480c0b41139552b50ae72578b90
2025-10-21 10:58:37,485 INFO c.g.c.c.ActionProcessor [https-jsse-nio-444-exec-2] User radu has logged successfuly
2025-10-21 10:58:37,494 INFO c.g.c.d.ChbDBridge [https-jsse-nio-444-exec-7] Get User by ID:radu  radu@grvtech.ca  iduser : 1
2025-10-21 10:58:37,499 INFO c.g.c.d.ChbDBridge [https-jsse-nio-444-exec-7] Get User Session by iduser and ipuser : iduser:null  session:5bf84480c0b41139552b50ae72578b90
2025-10-21 10:58:37,868 INFO c.g.c.d.ChbDBridge [https-jsse-nio-444-exec-3] Get User Session by idsession : iduser:1  session:5bf84480c0b41139552b50ae72578b90
2025-10-21 10:58:37,869 INFO c.g.c.d.ChbDBridge [https-jsse-nio-444-exec-3] Valid Session for :1 session : 5bf84480c0b41139552b50ae72578b90   0:0:0:0:0:0:0:1
2025-10-21 10:58:37,919 INFO c.g.c.d.ChbDBridge [https-jsse-nio-444-exec-6] Get User ID Session :radu  radu@grvtech.ca  iduser : 1
2025-10-21 10:58:37,926 INFO c.g.c.d.ChbDBridge [https-jsse-nio-444-exec-9] Get User by ID:radu  radu@grvtech.ca  iduser : 1
2025-10-21 10:58:37,938 INFO c.g.c.d.ChbDBridge [https-jsse-nio-444-exec-1] Get User ID Session :radu  radu@grvtech.ca  iduser : 1
2025-10-21 10:58:37,954 INFO c.g.c.d.ChbDBridge [https-jsse-nio-444-exec-8] Get List of users :513
2025-10-21 10:58:38,002 INFO c.g.c.d.ChbDBridge [https-jsse-nio-444-exec-10] Get User ID Session :radu  radu@grvtech.ca  iduser : 1
2025-10-21 10:58:38,013 INFO c.g.c.d.ChbDBridge [https-jsse-nio-444-exec-10] Get User Notes iduser:1
2025-10-21 10:58:38,019 INFO c.g.c.d.ChbDBridge [https-jsse-nio-444-exec-3] Get User by ID:radu  radu@grvtech.ca  iduser : 1
2025-10-21 10:58:38,124 INFO c.g.c.d.ChbDBridge [https-jsse-nio-444-exec-6] Get User by ID:radu  radu@grvtech.ca  iduser : 1
2025-10-21 10:58:38,133 INFO c.g.c.d.CdisDBridge [https-jsse-nio-444-exec-9] Get Patient By ID :3199RAMQ:BLAG84621110
2025-10-21 10:58:38,150 INFO c.g.c.d.ChbDBridge [https-jsse-nio-444-exec-1] Get Scheduled Visits idprofession:1   idpatient:2718
2025-10-21 10:58:38,150 INFO c.g.c.d.ChbDBridge [https-jsse-nio-444-exec-1] Get Scheduled Visits idprofession:1   idpatient:10003
2025-10-21 10:58:38,151 INFO c.g.c.d.ChbDBridge [https-jsse-nio-444-exec-1] Get User Patient List : iduser:1
2025-10-21 10:58:42,401 INFO c.g.c.d.ChbDBridge [https-jsse-nio-444-exec-2] Get User ID Session :radu  radu@grvtech.ca  iduser : 1
2025-10-21 10:58:42,406 INFO c.g.c.d.ChbDBridge [https-jsse-nio-444-exec-2] Get User Session by idsession : iduser:1  session:5bf84480c0b41139552b50ae72578b90
2025-10-21 10:58:42,406 INFO c.g.c.d.ChbDBridge [https-jsse-nio-444-exec-2] Valid Session for :1 session : 5bf84480c0b41139552b50ae72578b90   0:0:0:0:0:0:0:1
2025-10-21 10:58:42,410 INFO c.g.c.d.ChbDBridge [https-jsse-nio-444-exec-2] Get User Session by iduser and ipuser : iduser:null  session:5bf84480c0b41139552b50ae72578b90
2025-10-21 10:58:42,442 INFO c.g.c.d.ChbDBridge [https-jsse-nio-444-exec-2] Set User Session  : iduser:null  session:5bf84480c0b41139552b50ae72578b90
2025-10-21 10:58:42,472 INFO c.g.c.d.ChbDBridge [https-jsse-nio-444-exec-2] Get Patient List : patients:66
2025-10-21 10:58:46,073 INFO c.g.c.d.ChbDBridge [https-jsse-nio-444-exec-3] Get User Session by idsession : iduser:1  session:5bf84480c0b41139552b50ae72578b90
2025-10-21 10:58:46,073 INFO c.g.c.d.ChbDBridge [https-jsse-nio-444-exec-3] Valid Session for :1 session : 5bf84480c0b41139552b50ae72578b90   0:0:0:0:0:0:0:1
2025-10-21 10:58:46,085 INFO c.g.c.d.ChbDBridge [https-jsse-nio-444-exec-4] Get User ID Session :radu  radu@grvtech.ca  iduser : 1
2025-10-21 10:58:46,090 INFO c.g.c.d.ChbDBridge [https-jsse-nio-444-exec-6] Get User by ID:radu  radu@grvtech.ca  iduser : 1
2025-10-21 10:58:46,100 INFO c.g.c.d.ChbDBridge [https-jsse-nio-444-exec-9] Get User ID Session :radu  radu@grvtech.ca  iduser : 1
2025-10-21 10:58:46,108 INFO c.g.c.d.ChbDBridge [https-jsse-nio-444-exec-2] Get List of users :513
2025-10-21 10:58:46,125 INFO c.g.c.d.CdisDBridge [https-jsse-nio-444-exec-8] Get Patient By RAMQ :1803RAMQ:PISA40611016
2025-10-21 10:58:46,126 INFO c.g.c.d.CdisDBridge [https-jsse-nio-444-exec-8] Get HCP by IDpatient  idpatient:1803
2025-10-21 10:58:46,173 INFO c.g.c.d.CdisDBridge [https-jsse-nio-444-exec-8] Get Values  idpatient:1803 section:Diabet
2025-10-21 10:58:46,213 INFO c.g.c.d.CdisDBridge [https-jsse-nio-444-exec-8] Get Values  idpatient:1803 section:MDVisit
2025-10-21 10:58:46,251 INFO c.g.c.d.CdisDBridge [https-jsse-nio-444-exec-8] Get Values  idpatient:1803 section:Renal
2025-10-21 10:58:46,289 INFO c.g.c.d.CdisDBridge [https-jsse-nio-444-exec-8] Get Values  idpatient:1803 section:Lipid
2025-10-21 10:58:46,325 INFO c.g.c.d.CdisDBridge [https-jsse-nio-444-exec-8] Get Values  idpatient:1803 section:Lab
2025-10-21 10:58:46,378 INFO c.g.c.d.CdisDBridge [https-jsse-nio-444-exec-8] Get Values  idpatient:1803 section:Complications
2025-10-21 10:58:46,417 INFO c.g.c.d.CdisDBridge [https-jsse-nio-444-exec-8] Get Values  idpatient:1803 section:Miscellaneous
2025-10-21 10:58:46,453 INFO c.g.c.d.CdisDBridge [https-jsse-nio-444-exec-8] Get Values  idpatient:1803 section:Meds
2025-10-21 10:58:46,493 INFO c.g.c.d.CdisDBridge [https-jsse-nio-444-exec-8] Get Values  idpatient:1803 section:Depression
2025-10-21 10:58:46,499 INFO c.g.c.d.ChbDBridge [https-jsse-nio-444-exec-8] Get Action :VIEWP
2025-10-21 10:58:46,506 INFO c.g.c.d.ChbDBridge [https-jsse-nio-444-exec-8] Get User ID Session :radu  radu@grvtech.ca  iduser : 1
2025-10-21 10:58:46,521 INFO c.g.c.d.ChbDBridge [https-jsse-nio-444-exec-8] Set Event : 13  user:1 session:5bf84480c0b41139552b50ae72578b90
2025-10-21 10:58:46,548 INFO c.g.c.d.ChbDBridge [https-jsse-nio-444-exec-3] Get User ID Session :radu  radu@grvtech.ca  iduser : 1
2025-10-21 10:58:46,549 INFO c.g.c.d.ChbDBridge [https-jsse-nio-444-exec-3] Get User Notes iduser:1
2025-10-21 10:58:46,554 INFO c.g.c.d.ChbDBridge [https-jsse-nio-444-exec-4] Get User by ID:radu  radu@grvtech.ca  iduser : 1
2025-10-21 10:58:46,562 INFO c.g.c.d.CdisDBridge [https-jsse-nio-444-exec-6] Get Patient By ID :3199RAMQ:BLAG84621110
2025-10-21 10:58:50,314 INFO c.g.c.d.ChbDBridge [https-jsse-nio-444-exec-3] Get User ID Session :radu  radu@grvtech.ca  iduser : 1
2025-10-21 10:58:50,318 INFO c.g.c.d.ChbDBridge [https-jsse-nio-444-exec-3] Get User Session by idsession : iduser:1  session:5bf84480c0b41139552b50ae72578b90
2025-10-21 10:58:50,318 INFO c.g.c.d.ChbDBridge [https-jsse-nio-444-exec-3] Valid Session for :1 session : 5bf84480c0b41139552b50ae72578b90   0:0:0:0:0:0:0:1
2025-10-21 10:58:50,322 INFO c.g.c.d.ChbDBridge [https-jsse-nio-444-exec-3] Get User Session by iduser and ipuser : iduser:null  session:5bf84480c0b41139552b50ae72578b90
2025-10-21 10:58:50,338 INFO c.g.c.d.ChbDBridge [https-jsse-nio-444-exec-3] Set User Session  : iduser:null  session:5bf84480c0b41139552b50ae72578b90
2025-10-21 10:58:50,348 INFO c.g.c.d.ChbDBridge [https-jsse-nio-444-exec-3] Get Patient List : patients:675
2025-10-21 10:58:51,834 INFO c.g.c.d.ChbDBridge [https-jsse-nio-444-exec-4] Get User ID Session :radu  radu@grvtech.ca  iduser : 1
2025-10-21 10:58:51,838 INFO c.g.c.d.ChbDBridge [https-jsse-nio-444-exec-4] Get User Session by idsession : iduser:1  session:5bf84480c0b41139552b50ae72578b90
2025-10-21 10:58:51,838 INFO c.g.c.d.ChbDBridge [https-jsse-nio-444-exec-4] Valid Session for :1 session : 5bf84480c0b41139552b50ae72578b90   0:0:0:0:0:0:0:1
2025-10-21 10:58:51,842 INFO c.g.c.d.ChbDBridge [https-jsse-nio-444-exec-4] Get User Session by iduser and ipuser : iduser:null  session:5bf84480c0b41139552b50ae72578b90
2025-10-21 10:58:51,859 INFO c.g.c.d.ChbDBridge [https-jsse-nio-444-exec-4] Set User Session  : iduser:null  session:5bf84480c0b41139552b50ae72578b90
2025-10-21 10:58:51,865 INFO c.g.c.d.ChbDBridge [https-jsse-nio-444-exec-4] Get Patient List : patients:66
2025-10-21 10:58:54,545 INFO c.g.c.d.ChbDBridge [https-jsse-nio-444-exec-5] Get User Session by idsession : iduser:1  session:5bf84480c0b41139552b50ae72578b90
2025-10-21 10:58:54,545 INFO c.g.c.d.ChbDBridge [https-jsse-nio-444-exec-5] Valid Session for :1 session : 5bf84480c0b41139552b50ae72578b90   0:0:0:0:0:0:0:1
2025-10-21 10:58:54,555 INFO c.g.c.d.ChbDBridge [https-jsse-nio-444-exec-9] Get User ID Session :radu  radu@grvtech.ca  iduser : 1
2025-10-21 10:58:54,560 INFO c.g.c.d.ChbDBridge [https-jsse-nio-444-exec-10] Get User by ID:radu  radu@grvtech.ca  iduser : 1
2025-10-21 10:58:54,570 INFO c.g.c.d.ChbDBridge [https-jsse-nio-444-exec-6] Get User ID Session :radu  radu@grvtech.ca  iduser : 1
2025-10-21 10:58:54,579 INFO c.g.c.d.ChbDBridge [https-jsse-nio-444-exec-4] Get List of users :513
2025-10-21 10:58:54,596 INFO c.g.c.d.CdisDBridge [https-jsse-nio-444-exec-7] Get Patient By RAMQ :2326RAMQ:CHEC80600910
2025-10-21 10:58:54,598 INFO c.g.c.d.CdisDBridge [https-jsse-nio-444-exec-7] Get HCP by IDpatient  idpatient:2326
2025-10-21 10:58:54,637 INFO c.g.c.d.CdisDBridge [https-jsse-nio-444-exec-7] Get Values  idpatient:2326 section:Diabet
2025-10-21 10:58:54,674 INFO c.g.c.d.CdisDBridge [https-jsse-nio-444-exec-7] Get Values  idpatient:2326 section:MDVisit
2025-10-21 10:58:54,710 INFO c.g.c.d.CdisDBridge [https-jsse-nio-444-exec-7] Get Values  idpatient:2326 section:Renal
2025-10-21 10:58:54,758 INFO c.g.c.d.CdisDBridge [https-jsse-nio-444-exec-7] Get Values  idpatient:2326 section:Lipid
2025-10-21 10:58:54,797 INFO c.g.c.d.CdisDBridge [https-jsse-nio-444-exec-7] Get Values  idpatient:2326 section:Lab
2025-10-21 10:58:54,839 INFO c.g.c.d.CdisDBridge [https-jsse-nio-444-exec-7] Get Values  idpatient:2326 section:Complications
2025-10-21 10:58:54,879 INFO c.g.c.d.CdisDBridge [https-jsse-nio-444-exec-7] Get Values  idpatient:2326 section:Miscellaneous
2025-10-21 10:58:54,918 INFO c.g.c.d.CdisDBridge [https-jsse-nio-444-exec-7] Get Values  idpatient:2326 section:Meds
2025-10-21 10:58:54,955 INFO c.g.c.d.CdisDBridge [https-jsse-nio-444-exec-7] Get Values  idpatient:2326 section:Depression
2025-10-21 10:58:54,957 INFO c.g.c.d.ChbDBridge [https-jsse-nio-444-exec-7] Get Action :VIEWP
2025-10-21 10:58:54,963 INFO c.g.c.d.ChbDBridge [https-jsse-nio-444-exec-7] Get User ID Session :radu  radu@grvtech.ca  iduser : 1
2025-10-21 10:58:54,965 INFO c.g.c.d.ChbDBridge [https-jsse-nio-444-exec-7] Set Event : 13  user:1 session:5bf84480c0b41139552b50ae72578b90
2025-10-21 10:58:54,985 INFO c.g.c.d.ChbDBridge [https-jsse-nio-444-exec-5] Get User ID Session :radu  radu@grvtech.ca  iduser : 1
2025-10-21 10:58:54,986 INFO c.g.c.d.ChbDBridge [https-jsse-nio-444-exec-5] Get User Notes iduser:1
2025-10-21 10:58:54,990 INFO c.g.c.d.ChbDBridge [https-jsse-nio-444-exec-9] Get User by ID:radu  radu@grvtech.ca  iduser : 1
2025-10-21 10:58:54,998 INFO c.g.c.d.CdisDBridge [https-jsse-nio-444-exec-10] Get Patient By ID :3199RAMQ:BLAG84621110
2025-10-21 10:59:05,918 INFO c.g.c.d.ChbDBridge [https-jsse-nio-444-exec-5] Get User by ID:radu  radu@grvtech.ca  iduser : 1
2025-10-21 10:59:05,926 INFO c.g.c.d.CdisDBridge [https-jsse-nio-444-exec-9] Get Patient By ID :3199RAMQ:BLAG84621110
2025-10-21 10:59:25,000 INFO c.g.c.d.ChbDBridge [https-jsse-nio-444-exec-10] Get User ID Session :radu  radu@grvtech.ca  iduser : 1
2025-10-21 10:59:25,003 INFO c.g.c.d.ChbDBridge [https-jsse-nio-444-exec-10] Get User Notes iduser:1
2025-10-21 10:59:55,020 INFO c.g.c.d.ChbDBridge [https-jsse-nio-444-exec-6] Get User ID Session :radu  radu@grvtech.ca  iduser : 1
2025-10-21 10:59:55,024 INFO c.g.c.d.ChbDBridge [https-jsse-nio-444-exec-6] Get User Notes iduser:1
2025-10-21 11:00:20,907 INFO c.g.c.d.ChbDBridge [https-jsse-nio-444-exec-3] Get User Session by idsession : iduser:1  session:5bf84480c0b41139552b50ae72578b90
2025-10-21 11:00:20,907 INFO c.g.c.d.ChbDBridge [https-jsse-nio-444-exec-3] Valid Session for :1 session : 5bf84480c0b41139552b50ae72578b90   0:0:0:0:0:0:0:1
2025-10-21 11:00:20,918 INFO c.g.c.d.ChbDBridge [https-jsse-nio-444-exec-7] Get User ID Session :radu  radu@grvtech.ca  iduser : 1
2025-10-21 11:00:20,923 INFO c.g.c.d.ChbDBridge [https-jsse-nio-444-exec-8] Get User by ID:radu  radu@grvtech.ca  iduser : 1
2025-10-21 11:00:20,936 INFO c.g.c.d.ChbDBridge [https-jsse-nio-444-exec-1] Get User ID Session :radu  radu@grvtech.ca  iduser : 1
2025-10-21 11:00:20,944 INFO c.g.c.d.ChbDBridge [https-jsse-nio-444-exec-4] Get List of users :513
2025-10-21 11:00:20,961 INFO c.g.c.d.CdisDBridge [https-jsse-nio-444-exec-9] Get Patient By RAMQ :2326RAMQ:CHEC80600910
2025-10-21 11:00:20,962 INFO c.g.c.d.CdisDBridge [https-jsse-nio-444-exec-9] Get HCP by IDpatient  idpatient:2326
2025-10-21 11:00:21,010 INFO c.g.c.d.CdisDBridge [https-jsse-nio-444-exec-9] Get Values  idpatient:2326 section:Diabet
2025-10-21 11:00:21,049 INFO c.g.c.d.CdisDBridge [https-jsse-nio-444-exec-9] Get Values  idpatient:2326 section:MDVisit
2025-10-21 11:00:21,084 INFO c.g.c.d.CdisDBridge [https-jsse-nio-444-exec-9] Get Values  idpatient:2326 section:Renal
2025-10-21 11:00:21,122 INFO c.g.c.d.CdisDBridge [https-jsse-nio-444-exec-9] Get Values  idpatient:2326 section:Lipid
2025-10-21 11:00:21,159 INFO c.g.c.d.CdisDBridge [https-jsse-nio-444-exec-9] Get Values  idpatient:2326 section:Lab
2025-10-21 11:00:21,206 INFO c.g.c.d.CdisDBridge [https-jsse-nio-444-exec-9] Get Values  idpatient:2326 section:Complications
2025-10-21 11:00:21,246 INFO c.g.c.d.CdisDBridge [https-jsse-nio-444-exec-9] Get Values  idpatient:2326 section:Miscellaneous
2025-10-21 11:00:21,282 INFO c.g.c.d.CdisDBridge [https-jsse-nio-444-exec-9] Get Values  idpatient:2326 section:Meds
2025-10-21 11:00:21,320 INFO c.g.c.d.CdisDBridge [https-jsse-nio-444-exec-9] Get Values  idpatient:2326 section:Depression
2025-10-21 11:00:21,322 INFO c.g.c.d.ChbDBridge [https-jsse-nio-444-exec-9] Get Action :VIEWP
2025-10-21 11:00:21,328 INFO c.g.c.d.ChbDBridge [https-jsse-nio-444-exec-9] Get User ID Session :radu  radu@grvtech.ca  iduser : 1
2025-10-21 11:00:21,330 INFO c.g.c.d.ChbDBridge [https-jsse-nio-444-exec-9] Set Event : 13  user:1 session:5bf84480c0b41139552b50ae72578b90
2025-10-21 11:00:21,352 INFO c.g.c.d.ChbDBridge [https-jsse-nio-444-exec-3] Get User ID Session :radu  radu@grvtech.ca  iduser : 1
2025-10-21 11:00:21,353 INFO c.g.c.d.ChbDBridge [https-jsse-nio-444-exec-3] Get User Notes iduser:1
2025-10-21 11:00:21,358 INFO c.g.c.d.ChbDBridge [https-jsse-nio-444-exec-7] Get User by ID:radu  radu@grvtech.ca  iduser : 1
2025-10-21 11:00:21,367 INFO c.g.c.d.CdisDBridge [https-jsse-nio-444-exec-8] Get Patient By ID :3199RAMQ:BLAG84621110
2025-10-21 11:00:24,909 INFO c.g.c.d.ChbDBridge [https-jsse-nio-444-exec-8] Get User Session by idsession : iduser:1  session:5bf84480c0b41139552b50ae72578b90
2025-10-21 11:00:24,909 INFO c.g.c.d.ChbDBridge [https-jsse-nio-444-exec-8] Valid Session for :1 session : 5bf84480c0b41139552b50ae72578b90   0:0:0:0:0:0:0:1
2025-10-21 11:00:24,923 INFO c.g.c.d.ChbDBridge [https-jsse-nio-444-exec-10] Get User ID Session :radu  radu@grvtech.ca  iduser : 1
2025-10-21 11:00:24,929 INFO c.g.c.d.ChbDBridge [https-jsse-nio-444-exec-1] Get User by ID:radu  radu@grvtech.ca  iduser : 1
2025-10-21 11:00:24,940 INFO c.g.c.d.ChbDBridge [https-jsse-nio-444-exec-6] Get User ID Session :radu  radu@grvtech.ca  iduser : 1
2025-10-21 11:00:24,951 INFO c.g.c.d.ChbDBridge [https-jsse-nio-444-exec-2] Get List of users :513
2025-10-21 11:00:24,966 INFO c.g.c.d.CdisDBridge [https-jsse-nio-444-exec-9] Get Patient By RAMQ :2326RAMQ:CHEC80600910
2025-10-21 11:00:24,968 INFO c.g.c.d.CdisDBridge [https-jsse-nio-444-exec-9] Get HCP by IDpatient  idpatient:2326
2025-10-21 11:00:25,005 INFO c.g.c.d.CdisDBridge [https-jsse-nio-444-exec-9] Get Values  idpatient:2326 section:Diabet
2025-10-21 11:00:25,044 INFO c.g.c.d.CdisDBridge [https-jsse-nio-444-exec-9] Get Values  idpatient:2326 section:MDVisit
2025-10-21 11:00:25,082 INFO c.g.c.d.CdisDBridge [https-jsse-nio-444-exec-9] Get Values  idpatient:2326 section:Renal
2025-10-21 11:00:25,121 INFO c.g.c.d.CdisDBridge [https-jsse-nio-444-exec-9] Get Values  idpatient:2326 section:Lipid
2025-10-21 11:00:25,158 INFO c.g.c.d.CdisDBridge [https-jsse-nio-444-exec-9] Get Values  idpatient:2326 section:Lab
2025-10-21 11:00:25,197 INFO c.g.c.d.CdisDBridge [https-jsse-nio-444-exec-9] Get Values  idpatient:2326 section:Complications
2025-10-21 11:00:25,237 INFO c.g.c.d.CdisDBridge [https-jsse-nio-444-exec-9] Get Values  idpatient:2326 section:Miscellaneous
2025-10-21 11:00:25,274 INFO c.g.c.d.CdisDBridge [https-jsse-nio-444-exec-9] Get Values  idpatient:2326 section:Meds
2025-10-21 11:00:25,309 INFO c.g.c.d.CdisDBridge [https-jsse-nio-444-exec-9] Get Values  idpatient:2326 section:Depression
2025-10-21 11:00:25,312 INFO c.g.c.d.ChbDBridge [https-jsse-nio-444-exec-9] Get Action :VIEWP
2025-10-21 11:00:25,319 INFO c.g.c.d.ChbDBridge [https-jsse-nio-444-exec-9] Get User ID Session :radu  radu@grvtech.ca  iduser : 1
2025-10-21 11:00:25,320 INFO c.g.c.d.ChbDBridge [https-jsse-nio-444-exec-9] Set Event : 13  user:1 session:5bf84480c0b41139552b50ae72578b90
2025-10-21 11:00:25,338 INFO c.g.c.d.ChbDBridge [https-jsse-nio-444-exec-5] Get User ID Session :radu  radu@grvtech.ca  iduser : 1
2025-10-21 11:00:25,339 INFO c.g.c.d.ChbDBridge [https-jsse-nio-444-exec-5] Get User Notes iduser:1
2025-10-21 11:00:25,344 INFO c.g.c.d.ChbDBridge [https-jsse-nio-444-exec-8] Get User by ID:radu  radu@grvtech.ca  iduser : 1
2025-10-21 11:00:25,351 INFO c.g.c.d.CdisDBridge [https-jsse-nio-444-exec-10] Get Patient By ID :3199RAMQ:BLAG84621110
2025-10-21 11:00:25,380 INFO c.g.c.d.ChbDBridge [https-jsse-nio-444-exec-7] Get Scheduled Visits idprofession:4   idpatient:2326
2025-10-21 11:00:25,384 INFO c.g.c.d.ChbDBridge [https-jsse-nio-444-exec-4] Get Scheduled Visits idprofession:1   idpatient:2326
2025-10-21 11:00:25,388 INFO c.g.c.d.ChbDBridge [https-jsse-nio-444-exec-5] Get Scheduled Visits idprofession:2   idpatient:2326
2025-10-21 11:00:25,395 INFO c.g.c.d.ChbDBridge [https-jsse-nio-444-exec-8] Get Scheduled Visits idprofession:3   idpatient:2326
2025-10-21 11:00:25,507 INFO c.g.c.d.CdisDBridge [https-jsse-nio-444-exec-2] Get Patient By RAMQ :2326RAMQ:CHEC80600910
2025-10-21 11:00:32,433 INFO c.g.c.d.ChbDBridge [https-jsse-nio-444-exec-4] Get User Session by idsession : iduser:1  session:5bf84480c0b41139552b50ae72578b90
2025-10-21 11:00:32,434 INFO c.g.c.d.ChbDBridge [https-jsse-nio-444-exec-4] Valid Session for :1 session : 5bf84480c0b41139552b50ae72578b90   0:0:0:0:0:0:0:1
2025-10-21 11:00:32,437 INFO c.g.c.d.ChbDBridge [https-jsse-nio-444-exec-4] Get User Session by iduser and ipuser : iduser:null  session:5bf84480c0b41139552b50ae72578b90
2025-10-21 11:00:32,456 INFO c.g.c.d.ChbDBridge [https-jsse-nio-444-exec-4] Set User Session  : iduser:null  session:5bf84480c0b41139552b50ae72578b90
2025-10-21 11:00:32,498 INFO c.g.c.d.CdisDBridge [https-jsse-nio-444-exec-4] Edit Value idvalue:1167640 for idpatient:2326
2025-10-21 11:00:32,502 INFO c.g.c.d.CdisDBridge [https-jsse-nio-444-exec-4] Get Patient By ID :2326RAMQ:CHEC80600910
2025-10-21 11:00:32,504 INFO c.g.c.d.CdisDBridge [https-jsse-nio-444-exec-4] Get HCP by IDpatient  idpatient:2326
2025-10-21 11:00:32,538 INFO c.g.c.d.CdisDBridge [https-jsse-nio-444-exec-4] Get Values  idpatient:2326 section:Diabet
2025-10-21 11:00:32,589 INFO c.g.c.d.CdisDBridge [https-jsse-nio-444-exec-4] Get Values  idpatient:2326 section:MDVisit
2025-10-21 11:00:32,627 INFO c.g.c.d.CdisDBridge [https-jsse-nio-444-exec-4] Get Values  idpatient:2326 section:Renal
2025-10-21 11:00:32,662 INFO c.g.c.d.CdisDBridge [https-jsse-nio-444-exec-4] Get Values  idpatient:2326 section:Lipid
2025-10-21 11:00:32,702 INFO c.g.c.d.CdisDBridge [https-jsse-nio-444-exec-4] Get Values  idpatient:2326 section:Lab
2025-10-21 11:00:32,738 INFO c.g.c.d.CdisDBridge [https-jsse-nio-444-exec-4] Get Values  idpatient:2326 section:Complications
2025-10-21 11:00:32,777 INFO c.g.c.d.CdisDBridge [https-jsse-nio-444-exec-4] Get Values  idpatient:2326 section:Miscellaneous
2025-10-21 11:00:32,814 INFO c.g.c.d.CdisDBridge [https-jsse-nio-444-exec-4] Get Values  idpatient:2326 section:Meds
2025-10-21 11:00:32,851 INFO c.g.c.d.CdisDBridge [https-jsse-nio-444-exec-4] Get Values  idpatient:2326 section:Depression
2025-10-21 11:00:32,852 INFO c.g.c.d.ChbDBridge [https-jsse-nio-444-exec-4] Get Action :EDITDATA
2025-10-21 11:00:32,859 INFO c.g.c.d.ChbDBridge [https-jsse-nio-444-exec-4] Get User ID Session :radu  radu@grvtech.ca  iduser : 1
2025-10-21 11:00:32,861 INFO c.g.c.d.ChbDBridge [https-jsse-nio-444-exec-4] Set Event : 7  user:1 session:5bf84480c0b41139552b50ae72578b90
2025-10-21 11:00:32,892 INFO c.g.c.d.ChbDBridge [https-jsse-nio-444-exec-5] Get User Session by idsession : iduser:1  session:5bf84480c0b41139552b50ae72578b90
2025-10-21 11:00:32,892 INFO c.g.c.d.ChbDBridge [https-jsse-nio-444-exec-5] Valid Session for :1 session : 5bf84480c0b41139552b50ae72578b90   0:0:0:0:0:0:0:1
2025-10-21 11:00:32,896 INFO c.g.c.d.ChbDBridge [https-jsse-nio-444-exec-5] Get User Session by iduser and ipuser : iduser:null  session:5bf84480c0b41139552b50ae72578b90
2025-10-21 11:00:32,913 INFO c.g.c.d.ChbDBridge [https-jsse-nio-444-exec-5] Set User Session  : iduser:null  session:5bf84480c0b41139552b50ae72578b90
2025-10-21 11:00:32,952 INFO c.g.c.d.CdisDBridge [https-jsse-nio-444-exec-5] Edit Value idvalue:1167641 for idpatient:2326
2025-10-21 11:00:32,957 INFO c.g.c.d.CdisDBridge [https-jsse-nio-444-exec-5] Get Patient By ID :2326RAMQ:CHEC80600910
2025-10-21 11:00:32,958 INFO c.g.c.d.CdisDBridge [https-jsse-nio-444-exec-5] Get HCP by IDpatient  idpatient:2326
2025-10-21 11:00:33,000 INFO c.g.c.d.CdisDBridge [https-jsse-nio-444-exec-5] Get Values  idpatient:2326 section:Diabet
2025-10-21 11:00:33,034 INFO c.g.c.d.CdisDBridge [https-jsse-nio-444-exec-5] Get Values  idpatient:2326 section:MDVisit
2025-10-21 11:00:33,070 INFO c.g.c.d.CdisDBridge [https-jsse-nio-444-exec-5] Get Values  idpatient:2326 section:Renal
2025-10-21 11:00:33,112 INFO c.g.c.d.CdisDBridge [https-jsse-nio-444-exec-5] Get Values  idpatient:2326 section:Lipid
2025-10-21 11:00:33,149 INFO c.g.c.d.CdisDBridge [https-jsse-nio-444-exec-5] Get Values  idpatient:2326 section:Lab
2025-10-21 11:00:33,185 INFO c.g.c.d.CdisDBridge [https-jsse-nio-444-exec-5] Get Values  idpatient:2326 section:Complications
2025-10-21 11:00:33,221 INFO c.g.c.d.CdisDBridge [https-jsse-nio-444-exec-5] Get Values  idpatient:2326 section:Miscellaneous
2025-10-21 11:00:33,258 INFO c.g.c.d.CdisDBridge [https-jsse-nio-444-exec-5] Get Values  idpatient:2326 section:Meds
2025-10-21 11:00:33,297 INFO c.g.c.d.CdisDBridge [https-jsse-nio-444-exec-5] Get Values  idpatient:2326 section:Depression
2025-10-21 11:00:33,300 INFO c.g.c.d.ChbDBridge [https-jsse-nio-444-exec-5] Get Action :EDITDATA
2025-10-21 11:00:33,309 INFO c.g.c.d.ChbDBridge [https-jsse-nio-444-exec-5] Get User ID Session :radu  radu@grvtech.ca  iduser : 1
2025-10-21 11:00:33,311 INFO c.g.c.d.ChbDBridge [https-jsse-nio-444-exec-5] Set Event : 7  user:1 session:5bf84480c0b41139552b50ae72578b90
2025-10-21 11:00:33,322 INFO c.g.c.d.ChbDBridge [https-jsse-nio-444-exec-8] Get User Session by idsession : iduser:1  session:5bf84480c0b41139552b50ae72578b90
2025-10-21 11:00:33,322 INFO c.g.c.d.ChbDBridge [https-jsse-nio-444-exec-8] Valid Session for :1 session : 5bf84480c0b41139552b50ae72578b90   0:0:0:0:0:0:0:1
2025-10-21 11:00:33,326 INFO c.g.c.d.ChbDBridge [https-jsse-nio-444-exec-8] Get User Session by iduser and ipuser : iduser:null  session:5bf84480c0b41139552b50ae72578b90
2025-10-21 11:00:33,353 INFO c.g.c.d.ChbDBridge [https-jsse-nio-444-exec-8] Set User Session  : iduser:null  session:5bf84480c0b41139552b50ae72578b90
2025-10-21 11:00:33,523 INFO c.g.c.d.CdisDBridge [https-jsse-nio-444-exec-8] Edit Value idvalue:1167676 for idpatient:2326
2025-10-21 11:00:33,527 INFO c.g.c.d.CdisDBridge [https-jsse-nio-444-exec-8] Get Patient By ID :2326RAMQ:CHEC80600910
2025-10-21 11:00:33,529 INFO c.g.c.d.CdisDBridge [https-jsse-nio-444-exec-8] Get HCP by IDpatient  idpatient:2326
2025-10-21 11:00:33,564 INFO c.g.c.d.CdisDBridge [https-jsse-nio-444-exec-8] Get Values  idpatient:2326 section:Diabet
2025-10-21 11:00:33,606 INFO c.g.c.d.CdisDBridge [https-jsse-nio-444-exec-8] Get Values  idpatient:2326 section:MDVisit
2025-10-21 11:00:33,645 INFO c.g.c.d.CdisDBridge [https-jsse-nio-444-exec-8] Get Values  idpatient:2326 section:Renal
2025-10-21 11:00:33,689 INFO c.g.c.d.CdisDBridge [https-jsse-nio-444-exec-8] Get Values  idpatient:2326 section:Lipid
2025-10-21 11:00:33,728 INFO c.g.c.d.CdisDBridge [https-jsse-nio-444-exec-8] Get Values  idpatient:2326 section:Lab
2025-10-21 11:00:33,764 INFO c.g.c.d.CdisDBridge [https-jsse-nio-444-exec-8] Get Values  idpatient:2326 section:Complications
2025-10-21 11:00:33,800 INFO c.g.c.d.CdisDBridge [https-jsse-nio-444-exec-8] Get Values  idpatient:2326 section:Miscellaneous
2025-10-21 11:00:33,837 INFO c.g.c.d.CdisDBridge [https-jsse-nio-444-exec-8] Get Values  idpatient:2326 section:Meds
2025-10-21 11:00:33,877 INFO c.g.c.d.CdisDBridge [https-jsse-nio-444-exec-8] Get Values  idpatient:2326 section:Depression
2025-10-21 11:00:33,878 INFO c.g.c.d.ChbDBridge [https-jsse-nio-444-exec-8] Get Action :EDITDATA
2025-10-21 11:00:33,884 INFO c.g.c.d.ChbDBridge [https-jsse-nio-444-exec-8] Get User ID Session :radu  radu@grvtech.ca  iduser : 1
2025-10-21 11:00:33,885 INFO c.g.c.d.ChbDBridge [https-jsse-nio-444-exec-8] Set Event : 7  user:1 session:5bf84480c0b41139552b50ae72578b90
2025-10-21 11:00:33,897 INFO c.g.c.d.ChbDBridge [https-jsse-nio-444-exec-1] Get User Session by idsession : iduser:1  session:5bf84480c0b41139552b50ae72578b90
2025-10-21 11:00:33,897 INFO c.g.c.d.ChbDBridge [https-jsse-nio-444-exec-1] Valid Session for :1 session : 5bf84480c0b41139552b50ae72578b90   0:0:0:0:0:0:0:1
2025-10-21 11:00:33,901 INFO c.g.c.d.ChbDBridge [https-jsse-nio-444-exec-1] Get User Session by iduser and ipuser : iduser:null  session:5bf84480c0b41139552b50ae72578b90
2025-10-21 11:00:33,917 INFO c.g.c.d.ChbDBridge [https-jsse-nio-444-exec-1] Set User Session  : iduser:null  session:5bf84480c0b41139552b50ae72578b90
2025-10-21 11:00:33,967 INFO c.g.c.d.CdisDBridge [https-jsse-nio-444-exec-1] Edit Value idvalue:1167677 for idpatient:2326
2025-10-21 11:00:33,972 INFO c.g.c.d.CdisDBridge [https-jsse-nio-444-exec-1] Get Patient By ID :2326RAMQ:CHEC80600910
2025-10-21 11:00:33,973 INFO c.g.c.d.CdisDBridge [https-jsse-nio-444-exec-1] Get HCP by IDpatient  idpatient:2326
2025-10-21 11:00:34,016 INFO c.g.c.d.CdisDBridge [https-jsse-nio-444-exec-1] Get Values  idpatient:2326 section:Diabet
2025-10-21 11:00:34,055 INFO c.g.c.d.CdisDBridge [https-jsse-nio-444-exec-1] Get Values  idpatient:2326 section:MDVisit
2025-10-21 11:00:34,092 INFO c.g.c.d.CdisDBridge [https-jsse-nio-444-exec-1] Get Values  idpatient:2326 section:Renal
2025-10-21 11:00:34,144 INFO c.g.c.d.CdisDBridge [https-jsse-nio-444-exec-1] Get Values  idpatient:2326 section:Lipid
2025-10-21 11:00:34,182 INFO c.g.c.d.CdisDBridge [https-jsse-nio-444-exec-1] Get Values  idpatient:2326 section:Lab
2025-10-21 11:00:34,220 INFO c.g.c.d.CdisDBridge [https-jsse-nio-444-exec-1] Get Values  idpatient:2326 section:Complications
2025-10-21 11:00:34,255 INFO c.g.c.d.CdisDBridge [https-jsse-nio-444-exec-1] Get Values  idpatient:2326 section:Miscellaneous
2025-10-21 11:00:34,292 INFO c.g.c.d.CdisDBridge [https-jsse-nio-444-exec-1] Get Values  idpatient:2326 section:Meds
2025-10-21 11:00:34,330 INFO c.g.c.d.CdisDBridge [https-jsse-nio-444-exec-1] Get Values  idpatient:2326 section:Depression
2025-10-21 11:00:34,331 INFO c.g.c.d.ChbDBridge [https-jsse-nio-444-exec-1] Get Action :EDITDATA
2025-10-21 11:00:34,336 INFO c.g.c.d.ChbDBridge [https-jsse-nio-444-exec-1] Get User ID Session :radu  radu@grvtech.ca  iduser : 1
2025-10-21 11:00:34,338 INFO c.g.c.d.ChbDBridge [https-jsse-nio-444-exec-1] Set Event : 7  user:1 session:5bf84480c0b41139552b50ae72578b90
2025-10-21 11:00:56,853 INFO c.g.c.d.ChbDBridge [https-jsse-nio-444-exec-4] Get User ID Session :radu  radu@grvtech.ca  iduser : 1
2025-10-21 11:00:56,854 INFO c.g.c.d.ChbDBridge [https-jsse-nio-444-exec-4] Get User Notes iduser:1
2025-10-21 11:01:23,799 INFO c.g.c.d.ChbDBridge [https-jsse-nio-444-exec-5] Get User Session by idsession : iduser:1  session:5bf84480c0b41139552b50ae72578b90
2025-10-21 11:01:23,799 INFO c.g.c.d.ChbDBridge [https-jsse-nio-444-exec-5] Valid Session for :1 session : 5bf84480c0b41139552b50ae72578b90   0:0:0:0:0:0:0:1
2025-10-21 11:01:23,808 INFO c.g.c.d.ChbDBridge [https-jsse-nio-444-exec-1] Get User ID Session :radu  radu@grvtech.ca  iduser : 1
2025-10-21 11:01:23,814 INFO c.g.c.d.ChbDBridge [https-jsse-nio-444-exec-9] Get User by ID:radu  radu@grvtech.ca  iduser : 1
2025-10-21 11:01:23,823 INFO c.g.c.d.ChbDBridge [https-jsse-nio-444-exec-7] Get User ID Session :radu  radu@grvtech.ca  iduser : 1
2025-10-21 11:01:23,834 INFO c.g.c.d.ChbDBridge [https-jsse-nio-444-exec-4] Get List of users :513
2025-10-21 11:01:23,849 INFO c.g.c.d.CdisDBridge [https-jsse-nio-444-exec-8] Get Patient By RAMQ :2326RAMQ:CHEC80600910
2025-10-21 11:01:23,852 INFO c.g.c.d.CdisDBridge [https-jsse-nio-444-exec-8] Get HCP by IDpatient  idpatient:2326
2025-10-21 11:01:23,890 INFO c.g.c.d.CdisDBridge [https-jsse-nio-444-exec-8] Get Values  idpatient:2326 section:Diabet
2025-10-21 11:01:23,934 INFO c.g.c.d.CdisDBridge [https-jsse-nio-444-exec-8] Get Values  idpatient:2326 section:MDVisit
2025-10-21 11:01:23,971 INFO c.g.c.d.CdisDBridge [https-jsse-nio-444-exec-8] Get Values  idpatient:2326 section:Renal
2025-10-21 11:01:24,015 INFO c.g.c.d.CdisDBridge [https-jsse-nio-444-exec-8] Get Values  idpatient:2326 section:Lipid
2025-10-21 11:01:24,067 INFO c.g.c.d.CdisDBridge [https-jsse-nio-444-exec-8] Get Values  idpatient:2326 section:Lab
2025-10-21 11:01:24,106 INFO c.g.c.d.CdisDBridge [https-jsse-nio-444-exec-8] Get Values  idpatient:2326 section:Complications
2025-10-21 11:01:24,144 INFO c.g.c.d.CdisDBridge [https-jsse-nio-444-exec-8] Get Values  idpatient:2326 section:Miscellaneous
2025-10-21 11:01:24,183 INFO c.g.c.d.CdisDBridge [https-jsse-nio-444-exec-8] Get Values  idpatient:2326 section:Meds
2025-10-21 11:01:24,226 INFO c.g.c.d.CdisDBridge [https-jsse-nio-444-exec-8] Get Values  idpatient:2326 section:Depression
2025-10-21 11:01:24,229 INFO c.g.c.d.ChbDBridge [https-jsse-nio-444-exec-8] Get Action :VIEWP
2025-10-21 11:01:24,235 INFO c.g.c.d.ChbDBridge [https-jsse-nio-444-exec-8] Get User ID Session :radu  radu@grvtech.ca  iduser : 1
2025-10-21 11:01:24,237 INFO c.g.c.d.ChbDBridge [https-jsse-nio-444-exec-8] Set Event : 13  user:1 session:5bf84480c0b41139552b50ae72578b90
2025-10-21 11:01:24,262 INFO c.g.c.d.ChbDBridge [https-jsse-nio-444-exec-5] Get User ID Session :radu  radu@grvtech.ca  iduser : 1
2025-10-21 11:01:24,264 INFO c.g.c.d.ChbDBridge [https-jsse-nio-444-exec-5] Get User Notes iduser:1
2025-10-21 11:01:24,270 INFO c.g.c.d.ChbDBridge [https-jsse-nio-444-exec-1] Get User by ID:radu  radu@grvtech.ca  iduser : 1
2025-10-21 11:01:24,278 INFO c.g.c.d.CdisDBridge [https-jsse-nio-444-exec-9] Get Patient By ID :3199RAMQ:BLAG84621110
2025-10-21 11:01:24,300 INFO c.g.c.d.ChbDBridge [https-jsse-nio-444-exec-10] Get Scheduled Visits idprofession:4   idpatient:2326
2025-10-21 11:01:24,306 INFO c.g.c.d.ChbDBridge [https-jsse-nio-444-exec-6] Get Scheduled Visits idprofession:1   idpatient:2326
2025-10-21 11:01:24,313 INFO c.g.c.d.ChbDBridge [https-jsse-nio-444-exec-3] Get Scheduled Visits idprofession:2   idpatient:2326
2025-10-21 11:01:24,317 INFO c.g.c.d.ChbDBridge [https-jsse-nio-444-exec-5] Get Scheduled Visits idprofession:3   idpatient:2326
2025-10-21 11:01:24,432 INFO c.g.c.d.CdisDBridge [https-jsse-nio-444-exec-1] Get Patient By RAMQ :2326RAMQ:CHEC80600910
2025-10-21 11:01:26,773 INFO c.g.c.d.ChbDBridge [https-jsse-nio-444-exec-10] Get User Session by idsession : iduser:1  session:5bf84480c0b41139552b50ae72578b90
2025-10-21 11:01:26,773 INFO c.g.c.d.ChbDBridge [https-jsse-nio-444-exec-10] Valid Session for :1 session : 5bf84480c0b41139552b50ae72578b90   0:0:0:0:0:0:0:1
2025-10-21 11:01:26,788 INFO c.g.c.d.ChbDBridge [https-jsse-nio-444-exec-2] Get User ID Session :radu  radu@grvtech.ca  iduser : 1
2025-10-21 11:01:26,796 INFO c.g.c.d.ChbDBridge [https-jsse-nio-444-exec-1] Get User by ID:radu  radu@grvtech.ca  iduser : 1
2025-10-21 11:01:26,805 INFO c.g.c.d.ChbDBridge [https-jsse-nio-444-exec-3] Get User ID Session :radu  radu@grvtech.ca  iduser : 1
2025-10-21 11:01:26,815 INFO c.g.c.d.ChbDBridge [https-jsse-nio-444-exec-5] Get List of users :513
2025-10-21 11:01:26,830 INFO c.g.c.d.CdisDBridge [https-jsse-nio-444-exec-9] Get Patient By RAMQ :2326RAMQ:CHEC80600910
2025-10-21 11:01:26,831 INFO c.g.c.d.CdisDBridge [https-jsse-nio-444-exec-9] Get HCP by IDpatient  idpatient:2326
2025-10-21 11:01:26,869 INFO c.g.c.d.CdisDBridge [https-jsse-nio-444-exec-9] Get Values  idpatient:2326 section:Diabet
2025-10-21 11:01:26,910 INFO c.g.c.d.CdisDBridge [https-jsse-nio-444-exec-9] Get Values  idpatient:2326 section:MDVisit
2025-10-21 11:01:26,956 INFO c.g.c.d.CdisDBridge [https-jsse-nio-444-exec-9] Get Values  idpatient:2326 section:Renal
2025-10-21 11:01:26,996 INFO c.g.c.d.CdisDBridge [https-jsse-nio-444-exec-9] Get Values  idpatient:2326 section:Lipid
2025-10-21 11:01:27,037 INFO c.g.c.d.CdisDBridge [https-jsse-nio-444-exec-9] Get Values  idpatient:2326 section:Lab
2025-10-21 11:01:27,074 INFO c.g.c.d.CdisDBridge [https-jsse-nio-444-exec-9] Get Values  idpatient:2326 section:Complications
2025-10-21 11:01:27,112 INFO c.g.c.d.CdisDBridge [https-jsse-nio-444-exec-9] Get Values  idpatient:2326 section:Miscellaneous
2025-10-21 11:01:27,149 INFO c.g.c.d.CdisDBridge [https-jsse-nio-444-exec-9] Get Values  idpatient:2326 section:Meds
2025-10-21 11:01:27,186 INFO c.g.c.d.CdisDBridge [https-jsse-nio-444-exec-9] Get Values  idpatient:2326 section:Depression
2025-10-21 11:01:27,188 INFO c.g.c.d.ChbDBridge [https-jsse-nio-444-exec-9] Get Action :VIEWP
2025-10-21 11:01:27,194 INFO c.g.c.d.ChbDBridge [https-jsse-nio-444-exec-9] Get User ID Session :radu  radu@grvtech.ca  iduser : 1
2025-10-21 11:01:27,196 INFO c.g.c.d.ChbDBridge [https-jsse-nio-444-exec-9] Set Event : 13  user:1 session:5bf84480c0b41139552b50ae72578b90
2025-10-21 11:01:27,212 INFO c.g.c.d.ChbDBridge [https-jsse-nio-444-exec-2] Get User ID Session :radu  radu@grvtech.ca  iduser : 1
2025-10-21 11:01:27,214 INFO c.g.c.d.ChbDBridge [https-jsse-nio-444-exec-2] Get User Notes iduser:1
2025-10-21 11:01:27,217 INFO c.g.c.d.ChbDBridge [https-jsse-nio-444-exec-1] Get User by ID:radu  radu@grvtech.ca  iduser : 1
2025-10-21 11:01:27,223 INFO c.g.c.d.CdisDBridge [https-jsse-nio-444-exec-3] Get Patient By ID :3199RAMQ:BLAG84621110
2025-10-21 11:01:27,271 INFO c.g.c.d.ChbDBridge [https-jsse-nio-444-exec-6] Get Scheduled Visits idprofession:4   idpatient:2326
2025-10-21 11:01:27,275 INFO c.g.c.d.ChbDBridge [https-jsse-nio-444-exec-7] Get Scheduled Visits idprofession:1   idpatient:2326
2025-10-21 11:01:27,279 INFO c.g.c.d.ChbDBridge [https-jsse-nio-444-exec-10] Get Scheduled Visits idprofession:2   idpatient:2326
2025-10-21 11:01:27,282 INFO c.g.c.d.ChbDBridge [https-jsse-nio-444-exec-2] Get Scheduled Visits idprofession:3   idpatient:2326
2025-10-21 11:01:27,400 INFO c.g.c.d.CdisDBridge [https-jsse-nio-444-exec-5] Get Patient By RAMQ :2326RAMQ:CHEC80600910
2025-10-21 11:01:29,474 INFO c.g.c.d.ChbDBridge [https-jsse-nio-444-exec-7] Get User Session by idsession : iduser:1  session:5bf84480c0b41139552b50ae72578b90
2025-10-21 11:01:29,474 INFO c.g.c.d.ChbDBridge [https-jsse-nio-444-exec-7] Valid Session for :1 session : 5bf84480c0b41139552b50ae72578b90   0:0:0:0:0:0:0:1
2025-10-21 11:01:29,484 INFO c.g.c.d.ChbDBridge [https-jsse-nio-444-exec-2] Get User ID Session :radu  radu@grvtech.ca  iduser : 1
2025-10-21 11:01:29,488 INFO c.g.c.d.ChbDBridge [https-jsse-nio-444-exec-3] Get User by ID:radu  radu@grvtech.ca  iduser : 1
2025-10-21 11:01:29,499 INFO c.g.c.d.ChbDBridge [https-jsse-nio-444-exec-1] Get User ID Session :radu  radu@grvtech.ca  iduser : 1
2025-10-21 11:01:29,507 INFO c.g.c.d.ChbDBridge [https-jsse-nio-444-exec-5] Get List of users :513
2025-10-21 11:01:29,524 INFO c.g.c.d.CdisDBridge [https-jsse-nio-444-exec-9] Get Patient By RAMQ :2326RAMQ:CHEC80600910
2025-10-21 11:01:29,525 INFO c.g.c.d.CdisDBridge [https-jsse-nio-444-exec-9] Get HCP by IDpatient  idpatient:2326
2025-10-21 11:01:29,573 INFO c.g.c.d.CdisDBridge [https-jsse-nio-444-exec-9] Get Values  idpatient:2326 section:Diabet
2025-10-21 11:01:29,617 INFO c.g.c.d.CdisDBridge [https-jsse-nio-444-exec-9] Get Values  idpatient:2326 section:MDVisit
2025-10-21 11:01:29,655 INFO c.g.c.d.CdisDBridge [https-jsse-nio-444-exec-9] Get Values  idpatient:2326 section:Renal
2025-10-21 11:01:29,695 INFO c.g.c.d.CdisDBridge [https-jsse-nio-444-exec-9] Get Values  idpatient:2326 section:Lipid
2025-10-21 11:01:29,729 INFO c.g.c.d.CdisDBridge [https-jsse-nio-444-exec-9] Get Values  idpatient:2326 section:Lab
2025-10-21 11:01:29,772 INFO c.g.c.d.CdisDBridge [https-jsse-nio-444-exec-9] Get Values  idpatient:2326 section:Complications
2025-10-21 11:01:29,813 INFO c.g.c.d.CdisDBridge [https-jsse-nio-444-exec-9] Get Values  idpatient:2326 section:Miscellaneous
2025-10-21 11:01:29,850 INFO c.g.c.d.CdisDBridge [https-jsse-nio-444-exec-9] Get Values  idpatient:2326 section:Meds
2025-10-21 11:01:29,892 INFO c.g.c.d.CdisDBridge [https-jsse-nio-444-exec-9] Get Values  idpatient:2326 section:Depression
2025-10-21 11:01:29,895 INFO c.g.c.d.ChbDBridge [https-jsse-nio-444-exec-9] Get Action :VIEWP
2025-10-21 11:01:29,901 INFO c.g.c.d.ChbDBridge [https-jsse-nio-444-exec-9] Get User ID Session :radu  radu@grvtech.ca  iduser : 1
2025-10-21 11:01:29,903 INFO c.g.c.d.ChbDBridge [https-jsse-nio-444-exec-9] Set Event : 13  user:1 session:5bf84480c0b41139552b50ae72578b90
2025-10-21 11:01:29,923 INFO c.g.c.d.ChbDBridge [https-jsse-nio-444-exec-7] Get User ID Session :radu  radu@grvtech.ca  iduser : 1
2025-10-21 11:01:29,924 INFO c.g.c.d.ChbDBridge [https-jsse-nio-444-exec-7] Get User Notes iduser:1
2025-10-21 11:01:29,928 INFO c.g.c.d.ChbDBridge [https-jsse-nio-444-exec-2] Get User by ID:radu  radu@grvtech.ca  iduser : 1
2025-10-21 11:01:29,936 INFO c.g.c.d.CdisDBridge [https-jsse-nio-444-exec-3] Get Patient By ID :3199RAMQ:BLAG84621110
2025-10-21 11:01:30,005 INFO c.g.c.d.ChbDBridge [https-jsse-nio-444-exec-6] Get Scheduled Visits idprofession:4   idpatient:2326
2025-10-21 11:01:30,010 INFO c.g.c.d.ChbDBridge [https-jsse-nio-444-exec-4] Get Scheduled Visits idprofession:1   idpatient:2326
2025-10-21 11:01:30,013 INFO c.g.c.d.ChbDBridge [https-jsse-nio-444-exec-7] Get Scheduled Visits idprofession:2   idpatient:2326
2025-10-21 11:01:30,017 INFO c.g.c.d.ChbDBridge [https-jsse-nio-444-exec-2] Get Scheduled Visits idprofession:3   idpatient:2326
2025-10-21 11:01:30,135 INFO c.g.c.d.CdisDBridge [https-jsse-nio-444-exec-9] Get Patient By RAMQ :2326RAMQ:CHEC80600910
2025-10-21 11:01:32,279 INFO c.g.c.d.ChbDBridge [https-jsse-nio-444-exec-9] Get User Session by idsession : iduser:1  session:5bf84480c0b41139552b50ae72578b90
2025-10-21 11:01:32,279 INFO c.g.c.d.ChbDBridge [https-jsse-nio-444-exec-9] Valid Session for :1 session : 5bf84480c0b41139552b50ae72578b90   0:0:0:0:0:0:0:1
2025-10-21 11:01:32,288 INFO c.g.c.d.ChbDBridge [https-jsse-nio-444-exec-10] Get User ID Session :radu  radu@grvtech.ca  iduser : 1
2025-10-21 11:01:32,293 INFO c.g.c.d.ChbDBridge [https-jsse-nio-444-exec-3] Get User by ID:radu  radu@grvtech.ca  iduser : 1
2025-10-21 11:01:32,304 INFO c.g.c.d.ChbDBridge [https-jsse-nio-444-exec-5] Get User ID Session :radu  radu@grvtech.ca  iduser : 1
2025-10-21 11:01:32,314 INFO c.g.c.d.ChbDBridge [https-jsse-nio-444-exec-6] Get List of users :513
2025-10-21 11:01:32,328 INFO c.g.c.d.CdisDBridge [https-jsse-nio-444-exec-1] Get Patient By RAMQ :2326RAMQ:CHEC80600910
2025-10-21 11:01:32,329 INFO c.g.c.d.CdisDBridge [https-jsse-nio-444-exec-1] Get HCP by IDpatient  idpatient:2326
2025-10-21 11:01:32,366 INFO c.g.c.d.CdisDBridge [https-jsse-nio-444-exec-1] Get Values  idpatient:2326 section:Diabet
2025-10-21 11:01:32,405 INFO c.g.c.d.CdisDBridge [https-jsse-nio-444-exec-1] Get Values  idpatient:2326 section:MDVisit
2025-10-21 11:01:32,445 INFO c.g.c.d.CdisDBridge [https-jsse-nio-444-exec-1] Get Values  idpatient:2326 section:Renal
2025-10-21 11:01:32,483 INFO c.g.c.d.CdisDBridge [https-jsse-nio-444-exec-1] Get Values  idpatient:2326 section:Lipid
2025-10-21 11:01:32,520 INFO c.g.c.d.CdisDBridge [https-jsse-nio-444-exec-1] Get Values  idpatient:2326 section:Lab
2025-10-21 11:01:32,565 INFO c.g.c.d.CdisDBridge [https-jsse-nio-444-exec-1] Get Values  idpatient:2326 section:Complications
2025-10-21 11:01:32,610 INFO c.g.c.d.CdisDBridge [https-jsse-nio-444-exec-1] Get Values  idpatient:2326 section:Miscellaneous
2025-10-21 11:01:32,650 INFO c.g.c.d.CdisDBridge [https-jsse-nio-444-exec-1] Get Values  idpatient:2326 section:Meds
2025-10-21 11:01:32,684 INFO c.g.c.d.CdisDBridge [https-jsse-nio-444-exec-1] Get Values  idpatient:2326 section:Depression
2025-10-21 11:01:32,686 INFO c.g.c.d.ChbDBridge [https-jsse-nio-444-exec-1] Get Action :VIEWP
2025-10-21 11:01:32,692 INFO c.g.c.d.ChbDBridge [https-jsse-nio-444-exec-1] Get User ID Session :radu  radu@grvtech.ca  iduser : 1
2025-10-21 11:01:32,693 INFO c.g.c.d.ChbDBridge [https-jsse-nio-444-exec-1] Set Event : 13  user:1 session:5bf84480c0b41139552b50ae72578b90
2025-10-21 11:01:32,710 INFO c.g.c.d.ChbDBridge [https-jsse-nio-444-exec-9] Get User ID Session :radu  radu@grvtech.ca  iduser : 1
2025-10-21 11:01:32,711 INFO c.g.c.d.ChbDBridge [https-jsse-nio-444-exec-9] Get User Notes iduser:1
2025-10-21 11:01:32,715 INFO c.g.c.d.ChbDBridge [https-jsse-nio-444-exec-10] Get User by ID:radu  radu@grvtech.ca  iduser : 1
2025-10-21 11:01:32,722 INFO c.g.c.d.CdisDBridge [https-jsse-nio-444-exec-3] Get Patient By ID :3199RAMQ:BLAG84621110
2025-10-21 11:01:32,786 INFO c.g.c.d.ChbDBridge [https-jsse-nio-444-exec-2] Get Scheduled Visits idprofession:4   idpatient:2326
2025-10-21 11:01:32,793 INFO c.g.c.d.ChbDBridge [https-jsse-nio-444-exec-7] Get Scheduled Visits idprofession:1   idpatient:2326
2025-10-21 11:01:32,796 INFO c.g.c.d.ChbDBridge [https-jsse-nio-444-exec-9] Get Scheduled Visits idprofession:2   idpatient:2326
2025-10-21 11:01:32,799 INFO c.g.c.d.ChbDBridge [https-jsse-nio-444-exec-10] Get Scheduled Visits idprofession:3   idpatient:2326
2025-10-21 11:01:32,918 INFO c.g.c.d.CdisDBridge [https-jsse-nio-444-exec-6] Get Patient By RAMQ :2326RAMQ:CHEC80600910
2025-10-21 11:01:37,532 INFO c.g.c.d.ChbDBridge [https-jsse-nio-444-exec-5] Get User Session by idsession : iduser:1  session:5bf84480c0b41139552b50ae72578b90
2025-10-21 11:01:37,532 INFO c.g.c.d.ChbDBridge [https-jsse-nio-444-exec-5] Valid Session for :1 session : 5bf84480c0b41139552b50ae72578b90   0:0:0:0:0:0:0:1
2025-10-21 11:01:37,541 INFO c.g.c.d.ChbDBridge [https-jsse-nio-444-exec-4] Get User ID Session :radu  radu@grvtech.ca  iduser : 1
2025-10-21 11:01:37,547 INFO c.g.c.d.ChbDBridge [https-jsse-nio-444-exec-8] Get User by ID:radu  radu@grvtech.ca  iduser : 1
2025-10-21 11:01:37,558 INFO c.g.c.d.ChbDBridge [https-jsse-nio-444-exec-1] Get User ID Session :radu  radu@grvtech.ca  iduser : 1
2025-10-21 11:01:37,568 INFO c.g.c.d.ChbDBridge [https-jsse-nio-444-exec-10] Get List of users :513
2025-10-21 11:01:37,584 INFO c.g.c.d.CdisDBridge [https-jsse-nio-444-exec-6] Get Patient By RAMQ :2326RAMQ:CHEC80600910
2025-10-21 11:01:37,586 INFO c.g.c.d.CdisDBridge [https-jsse-nio-444-exec-6] Get HCP by IDpatient  idpatient:2326
2025-10-21 11:01:37,621 INFO c.g.c.d.CdisDBridge [https-jsse-nio-444-exec-6] Get Values  idpatient:2326 section:Diabet
2025-10-21 11:01:37,667 INFO c.g.c.d.CdisDBridge [https-jsse-nio-444-exec-6] Get Values  idpatient:2326 section:MDVisit
2025-10-21 11:01:37,708 INFO c.g.c.d.CdisDBridge [https-jsse-nio-444-exec-6] Get Values  idpatient:2326 section:Renal
2025-10-21 11:01:37,746 INFO c.g.c.d.CdisDBridge [https-jsse-nio-444-exec-6] Get Values  idpatient:2326 section:Lipid
2025-10-21 11:01:37,782 INFO c.g.c.d.CdisDBridge [https-jsse-nio-444-exec-6] Get Values  idpatient:2326 section:Lab
2025-10-21 11:01:37,823 INFO c.g.c.d.CdisDBridge [https-jsse-nio-444-exec-6] Get Values  idpatient:2326 section:Complications
2025-10-21 11:01:37,859 INFO c.g.c.d.CdisDBridge [https-jsse-nio-444-exec-6] Get Values  idpatient:2326 section:Miscellaneous
2025-10-21 11:01:37,906 INFO c.g.c.d.CdisDBridge [https-jsse-nio-444-exec-6] Get Values  idpatient:2326 section:Meds
2025-10-21 11:01:37,945 INFO c.g.c.d.CdisDBridge [https-jsse-nio-444-exec-6] Get Values  idpatient:2326 section:Depression
2025-10-21 11:01:37,947 INFO c.g.c.d.ChbDBridge [https-jsse-nio-444-exec-6] Get Action :VIEWP
2025-10-21 11:01:37,953 INFO c.g.c.d.ChbDBridge [https-jsse-nio-444-exec-6] Get User ID Session :radu  radu@grvtech.ca  iduser : 1
2025-10-21 11:01:37,955 INFO c.g.c.d.ChbDBridge [https-jsse-nio-444-exec-6] Set Event : 13  user:1 session:5bf84480c0b41139552b50ae72578b90
2025-10-21 11:01:37,972 INFO c.g.c.d.ChbDBridge [https-jsse-nio-444-exec-5] Get User ID Session :radu  radu@grvtech.ca  iduser : 1
2025-10-21 11:01:37,973 INFO c.g.c.d.ChbDBridge [https-jsse-nio-444-exec-5] Get User Notes iduser:1
2025-10-21 11:01:37,978 INFO c.g.c.d.ChbDBridge [https-jsse-nio-444-exec-4] Get User by ID:radu  radu@grvtech.ca  iduser : 1
2025-10-21 11:01:37,985 INFO c.g.c.d.CdisDBridge [https-jsse-nio-444-exec-8] Get Patient By ID :3199RAMQ:BLAG84621110
2025-10-21 11:01:38,012 INFO c.g.c.d.ChbDBridge [https-jsse-nio-444-exec-3] Get Scheduled Visits idprofession:4   idpatient:2326
2025-10-21 11:01:38,016 INFO c.g.c.d.ChbDBridge [https-jsse-nio-444-exec-9] Get Scheduled Visits idprofession:1   idpatient:2326
2025-10-21 11:01:38,019 INFO c.g.c.d.ChbDBridge [https-jsse-nio-444-exec-5] Get Scheduled Visits idprofession:2   idpatient:2326
2025-10-21 11:01:38,022 INFO c.g.c.d.ChbDBridge [https-jsse-nio-444-exec-4] Get Scheduled Visits idprofession:3   idpatient:2326
2025-10-21 11:01:38,139 INFO c.g.c.d.CdisDBridge [https-jsse-nio-444-exec-8] Get Patient By RAMQ :2326RAMQ:CHEC80600910
2025-10-21 11:01:41,672 INFO c.g.c.d.ChbDBridge [https-jsse-nio-444-exec-6] Get User Session by idsession : iduser:1  session:5bf84480c0b41139552b50ae72578b90
2025-10-21 11:01:41,672 INFO c.g.c.d.ChbDBridge [https-jsse-nio-444-exec-6] Valid Session for :1 session : 5bf84480c0b41139552b50ae72578b90   0:0:0:0:0:0:0:1
2025-10-21 11:01:41,682 INFO c.g.c.d.ChbDBridge [https-jsse-nio-444-exec-5] Get User ID Session :radu  radu@grvtech.ca  iduser : 1
2025-10-21 11:01:41,686 INFO c.g.c.d.ChbDBridge [https-jsse-nio-444-exec-2] Get User by ID:radu  radu@grvtech.ca  iduser : 1
2025-10-21 11:01:41,696 INFO c.g.c.d.ChbDBridge [https-jsse-nio-444-exec-3] Get User ID Session :radu  radu@grvtech.ca  iduser : 1
2025-10-21 11:01:41,705 INFO c.g.c.d.ChbDBridge [https-jsse-nio-444-exec-1] Get List of users :513
2025-10-21 11:01:41,720 INFO c.g.c.d.CdisDBridge [https-jsse-nio-444-exec-8] Get Patient By RAMQ :2326RAMQ:CHEC80600910
2025-10-21 11:01:41,721 INFO c.g.c.d.CdisDBridge [https-jsse-nio-444-exec-8] Get HCP by IDpatient  idpatient:2326
2025-10-21 11:01:41,758 INFO c.g.c.d.CdisDBridge [https-jsse-nio-444-exec-8] Get Values  idpatient:2326 section:Diabet
2025-10-21 11:01:41,793 INFO c.g.c.d.CdisDBridge [https-jsse-nio-444-exec-8] Get Values  idpatient:2326 section:MDVisit
2025-10-21 11:01:41,835 INFO c.g.c.d.CdisDBridge [https-jsse-nio-444-exec-8] Get Values  idpatient:2326 section:Renal
2025-10-21 11:01:41,879 INFO c.g.c.d.CdisDBridge [https-jsse-nio-444-exec-8] Get Values  idpatient:2326 section:Lipid
2025-10-21 11:01:41,916 INFO c.g.c.d.CdisDBridge [https-jsse-nio-444-exec-8] Get Values  idpatient:2326 section:Lab
2025-10-21 11:01:41,953 INFO c.g.c.d.CdisDBridge [https-jsse-nio-444-exec-8] Get Values  idpatient:2326 section:Complications
2025-10-21 11:01:41,987 INFO c.g.c.d.CdisDBridge [https-jsse-nio-444-exec-8] Get Values  idpatient:2326 section:Miscellaneous
2025-10-21 11:01:42,025 INFO c.g.c.d.CdisDBridge [https-jsse-nio-444-exec-8] Get Values  idpatient:2326 section:Meds
2025-10-21 11:01:42,076 INFO c.g.c.d.CdisDBridge [https-jsse-nio-444-exec-8] Get Values  idpatient:2326 section:Depression
2025-10-21 11:01:42,080 INFO c.g.c.d.ChbDBridge [https-jsse-nio-444-exec-8] Get Action :VIEWP
2025-10-21 11:01:42,086 INFO c.g.c.d.ChbDBridge [https-jsse-nio-444-exec-8] Get User ID Session :radu  radu@grvtech.ca  iduser : 1
2025-10-21 11:01:42,088 INFO c.g.c.d.ChbDBridge [https-jsse-nio-444-exec-8] Set Event : 13  user:1 session:5bf84480c0b41139552b50ae72578b90
2025-10-21 11:01:42,113 INFO c.g.c.d.ChbDBridge [https-jsse-nio-444-exec-6] Get User ID Session :radu  radu@grvtech.ca  iduser : 1
2025-10-21 11:01:42,115 INFO c.g.c.d.ChbDBridge [https-jsse-nio-444-exec-6] Get User Notes iduser:1
2025-10-21 11:01:42,128 INFO c.g.c.d.ChbDBridge [https-jsse-nio-444-exec-5] Get User by ID:radu  radu@grvtech.ca  iduser : 1
2025-10-21 11:01:42,135 INFO c.g.c.d.CdisDBridge [https-jsse-nio-444-exec-2] Get Patient By ID :3199RAMQ:BLAG84621110
2025-10-21 11:01:42,168 INFO c.g.c.d.ChbDBridge [https-jsse-nio-444-exec-2] Get Scheduled Visits idprofession:4   idpatient:2326
2025-10-21 11:01:42,173 INFO c.g.c.d.ChbDBridge [https-jsse-nio-444-exec-1] Get Scheduled Visits idprofession:1   idpatient:2326
2025-10-21 11:01:42,178 INFO c.g.c.d.ChbDBridge [https-jsse-nio-444-exec-8] Get Scheduled Visits idprofession:2   idpatient:2326
2025-10-21 11:01:42,182 INFO c.g.c.d.ChbDBridge [https-jsse-nio-444-exec-3] Get Scheduled Visits idprofession:3   idpatient:2326
2025-10-21 11:01:42,303 INFO c.g.c.d.CdisDBridge [https-jsse-nio-444-exec-10] Get Patient By RAMQ :2326RAMQ:CHEC80600910
2025-10-21 11:01:46,896 INFO c.g.c.d.ChbDBridge [https-jsse-nio-444-exec-2] Get User Session by idsession : iduser:1  session:5bf84480c0b41139552b50ae72578b90
2025-10-21 11:01:46,896 INFO c.g.c.d.ChbDBridge [https-jsse-nio-444-exec-2] Valid Session for :1 session : 5bf84480c0b41139552b50ae72578b90   0:0:0:0:0:0:0:1
2025-10-21 11:01:46,906 INFO c.g.c.d.ChbDBridge [https-jsse-nio-444-exec-1] Get User ID Session :radu  radu@grvtech.ca  iduser : 1
2025-10-21 11:01:46,910 INFO c.g.c.d.ChbDBridge [https-jsse-nio-444-exec-8] Get User by ID:radu  radu@grvtech.ca  iduser : 1
2025-10-21 11:01:46,921 INFO c.g.c.d.ChbDBridge [https-jsse-nio-444-exec-6] Get User ID Session :radu  radu@grvtech.ca  iduser : 1
2025-10-21 11:01:46,931 INFO c.g.c.d.ChbDBridge [https-jsse-nio-444-exec-5] Get List of users :513
2025-10-21 11:01:46,946 INFO c.g.c.d.CdisDBridge [https-jsse-nio-444-exec-3] Get Patient By RAMQ :2326RAMQ:CHEC80600910
2025-10-21 11:01:46,947 INFO c.g.c.d.CdisDBridge [https-jsse-nio-444-exec-3] Get HCP by IDpatient  idpatient:2326
2025-10-21 11:01:46,983 INFO c.g.c.d.CdisDBridge [https-jsse-nio-444-exec-3] Get Values  idpatient:2326 section:Diabet
2025-10-21 11:01:47,020 INFO c.g.c.d.CdisDBridge [https-jsse-nio-444-exec-3] Get Values  idpatient:2326 section:MDVisit
2025-10-21 11:01:47,056 INFO c.g.c.d.CdisDBridge [https-jsse-nio-444-exec-3] Get Values  idpatient:2326 section:Renal
2025-10-21 11:01:47,090 INFO c.g.c.d.CdisDBridge [https-jsse-nio-444-exec-3] Get Values  idpatient:2326 section:Lipid
2025-10-21 11:01:47,129 INFO c.g.c.d.CdisDBridge [https-jsse-nio-444-exec-3] Get Values  idpatient:2326 section:Lab
2025-10-21 11:01:47,173 INFO c.g.c.d.CdisDBridge [https-jsse-nio-444-exec-3] Get Values  idpatient:2326 section:Complications
2025-10-21 11:01:47,211 INFO c.g.c.d.CdisDBridge [https-jsse-nio-444-exec-3] Get Values  idpatient:2326 section:Miscellaneous
2025-10-21 11:01:47,251 INFO c.g.c.d.CdisDBridge [https-jsse-nio-444-exec-3] Get Values  idpatient:2326 section:Meds
2025-10-21 11:01:47,286 INFO c.g.c.d.CdisDBridge [https-jsse-nio-444-exec-3] Get Values  idpatient:2326 section:Depression
2025-10-21 11:01:47,288 INFO c.g.c.d.ChbDBridge [https-jsse-nio-444-exec-3] Get Action :VIEWP
2025-10-21 11:01:47,294 INFO c.g.c.d.ChbDBridge [https-jsse-nio-444-exec-3] Get User ID Session :radu  radu@grvtech.ca  iduser : 1
2025-10-21 11:01:47,295 INFO c.g.c.d.ChbDBridge [https-jsse-nio-444-exec-3] Set Event : 13  user:1 session:5bf84480c0b41139552b50ae72578b90
2025-10-21 11:01:47,311 INFO c.g.c.d.ChbDBridge [https-jsse-nio-444-exec-2] Get User ID Session :radu  radu@grvtech.ca  iduser : 1
2025-10-21 11:01:47,313 INFO c.g.c.d.ChbDBridge [https-jsse-nio-444-exec-2] Get User Notes iduser:1
2025-10-21 11:01:47,316 INFO c.g.c.d.ChbDBridge [https-jsse-nio-444-exec-1] Get User by ID:radu  radu@grvtech.ca  iduser : 1
2025-10-21 11:01:47,322 INFO c.g.c.d.CdisDBridge [https-jsse-nio-444-exec-8] Get Patient By ID :3199RAMQ:BLAG84621110
2025-10-21 11:01:47,340 INFO c.g.c.d.ChbDBridge [https-jsse-nio-444-exec-4] Get Scheduled Visits idprofession:4   idpatient:2326
2025-10-21 11:01:47,346 INFO c.g.c.d.ChbDBridge [https-jsse-nio-444-exec-9] Get Scheduled Visits idprofession:1   idpatient:2326
2025-10-21 11:01:47,382 INFO c.g.c.d.ChbDBridge [https-jsse-nio-444-exec-7] Get Scheduled Visits idprofession:2   idpatient:2326
2025-10-21 11:01:47,385 INFO c.g.c.d.ChbDBridge [https-jsse-nio-444-exec-2] Get Scheduled Visits idprofession:3   idpatient:2326
2025-10-21 11:01:47,500 INFO c.g.c.d.CdisDBridge [https-jsse-nio-444-exec-1] Get Patient By RAMQ :2326RAMQ:CHEC80600910
2025-10-21 11:01:50,005 INFO c.g.c.d.ChbDBridge [https-jsse-nio-444-exec-8] Get User Session by idsession : iduser:1  session:5bf84480c0b41139552b50ae72578b90
2025-10-21 11:01:50,005 INFO c.g.c.d.ChbDBridge [https-jsse-nio-444-exec-8] Valid Session for :1 session : 5bf84480c0b41139552b50ae72578b90   0:0:0:0:0:0:0:1
2025-10-21 11:01:50,015 INFO c.g.c.d.ChbDBridge [https-jsse-nio-444-exec-7] Get User ID Session :radu  radu@grvtech.ca  iduser : 1
2025-10-21 11:01:50,018 INFO c.g.c.d.ChbDBridge [https-jsse-nio-444-exec-2] Get User by ID:radu  radu@grvtech.ca  iduser : 1
2025-10-21 11:01:50,027 INFO c.g.c.d.ChbDBridge [https-jsse-nio-444-exec-1] Get User ID Session :radu  radu@grvtech.ca  iduser : 1
2025-10-21 11:01:50,036 INFO c.g.c.d.ChbDBridge [https-jsse-nio-444-exec-6] Get List of users :513
2025-10-21 11:01:50,051 INFO c.g.c.d.CdisDBridge [https-jsse-nio-444-exec-4] Get Patient By RAMQ :2326RAMQ:CHEC80600910
2025-10-21 11:01:50,052 INFO c.g.c.d.CdisDBridge [https-jsse-nio-444-exec-4] Get HCP by IDpatient  idpatient:2326
2025-10-21 11:01:50,091 INFO c.g.c.d.CdisDBridge [https-jsse-nio-444-exec-4] Get Values  idpatient:2326 section:Diabet
2025-10-21 11:01:50,134 INFO c.g.c.d.CdisDBridge [https-jsse-nio-444-exec-4] Get Values  idpatient:2326 section:MDVisit
2025-10-21 11:01:50,173 INFO c.g.c.d.CdisDBridge [https-jsse-nio-444-exec-4] Get Values  idpatient:2326 section:Renal
2025-10-21 11:01:50,215 INFO c.g.c.d.CdisDBridge [https-jsse-nio-444-exec-4] Get Values  idpatient:2326 section:Lipid
2025-10-21 11:01:50,250 INFO c.g.c.d.CdisDBridge [https-jsse-nio-444-exec-4] Get Values  idpatient:2326 section:Lab
2025-10-21 11:01:50,298 INFO c.g.c.d.CdisDBridge [https-jsse-nio-444-exec-4] Get Values  idpatient:2326 section:Complications
2025-10-21 11:01:50,337 INFO c.g.c.d.CdisDBridge [https-jsse-nio-444-exec-4] Get Values  idpatient:2326 section:Miscellaneous
2025-10-21 11:01:50,399 INFO c.g.c.d.CdisDBridge [https-jsse-nio-444-exec-4] Get Values  idpatient:2326 section:Meds
2025-10-21 11:01:50,435 INFO c.g.c.d.CdisDBridge [https-jsse-nio-444-exec-4] Get Values  idpatient:2326 section:Depression
2025-10-21 11:01:50,438 INFO c.g.c.d.ChbDBridge [https-jsse-nio-444-exec-4] Get Action :VIEWP
2025-10-21 11:01:50,444 INFO c.g.c.d.ChbDBridge [https-jsse-nio-444-exec-4] Get User ID Session :radu  radu@grvtech.ca  iduser : 1
2025-10-21 11:01:50,445 INFO c.g.c.d.ChbDBridge [https-jsse-nio-444-exec-4] Set Event : 13  user:1 session:5bf84480c0b41139552b50ae72578b90
2025-10-21 11:01:50,462 INFO c.g.c.d.ChbDBridge [https-jsse-nio-444-exec-3] Get User ID Session :radu  radu@grvtech.ca  iduser : 1
2025-10-21 11:01:50,463 INFO c.g.c.d.ChbDBridge [https-jsse-nio-444-exec-3] Get User Notes iduser:1
2025-10-21 11:01:50,468 INFO c.g.c.d.ChbDBridge [https-jsse-nio-444-exec-7] Get User by ID:radu  radu@grvtech.ca  iduser : 1
2025-10-21 11:01:50,477 INFO c.g.c.d.CdisDBridge [https-jsse-nio-444-exec-2] Get Patient By ID :3199RAMQ:BLAG84621110
2025-10-21 11:01:50,508 INFO c.g.c.d.ChbDBridge [https-jsse-nio-444-exec-5] Get Scheduled Visits idprofession:4   idpatient:2326
2025-10-21 11:01:50,522 INFO c.g.c.d.ChbDBridge [https-jsse-nio-444-exec-7] Get Scheduled Visits idprofession:1   idpatient:2326
2025-10-21 11:01:50,526 INFO c.g.c.d.ChbDBridge [https-jsse-nio-444-exec-5] Get Scheduled Visits idprofession:2   idpatient:2326
2025-10-21 11:01:50,529 INFO c.g.c.d.ChbDBridge [https-jsse-nio-444-exec-8] Get Scheduled Visits idprofession:3   idpatient:2326
2025-10-21 11:01:50,651 INFO c.g.c.d.CdisDBridge [https-jsse-nio-444-exec-4] Get Patient By RAMQ :2326RAMQ:CHEC80600910
2025-10-21 11:01:51,637 INFO c.g.c.d.ChbDBridge [https-jsse-nio-444-exec-8] Get User Session by idsession : iduser:1  session:5bf84480c0b41139552b50ae72578b90
2025-10-21 11:01:51,637 INFO c.g.c.d.ChbDBridge [https-jsse-nio-444-exec-8] Valid Session for :1 session : 5bf84480c0b41139552b50ae72578b90   0:0:0:0:0:0:0:1
2025-10-21 11:01:51,646 INFO c.g.c.d.ChbDBridge [https-jsse-nio-444-exec-7] Get User ID Session :radu  radu@grvtech.ca  iduser : 1
2025-10-21 11:01:51,650 INFO c.g.c.d.ChbDBridge [https-jsse-nio-444-exec-1] Get User by ID:radu  radu@grvtech.ca  iduser : 1
2025-10-21 11:01:51,660 INFO c.g.c.d.ChbDBridge [https-jsse-nio-444-exec-9] Get User ID Session :radu  radu@grvtech.ca  iduser : 1
2025-10-21 11:01:51,668 INFO c.g.c.d.ChbDBridge [https-jsse-nio-444-exec-4] Get List of users :513
2025-10-21 11:01:51,683 INFO c.g.c.d.CdisDBridge [https-jsse-nio-444-exec-3] Get Patient By RAMQ :2326RAMQ:CHEC80600910
2025-10-21 11:01:51,685 INFO c.g.c.d.CdisDBridge [https-jsse-nio-444-exec-3] Get HCP by IDpatient  idpatient:2326
2025-10-21 11:01:51,720 INFO c.g.c.d.CdisDBridge [https-jsse-nio-444-exec-3] Get Values  idpatient:2326 section:Diabet
2025-10-21 11:01:51,758 INFO c.g.c.d.CdisDBridge [https-jsse-nio-444-exec-3] Get Values  idpatient:2326 section:MDVisit
2025-10-21 11:01:51,808 INFO c.g.c.d.CdisDBridge [https-jsse-nio-444-exec-3] Get Values  idpatient:2326 section:Renal
2025-10-21 11:01:51,844 INFO c.g.c.d.CdisDBridge [https-jsse-nio-444-exec-3] Get Values  idpatient:2326 section:Lipid
2025-10-21 11:01:51,901 INFO c.g.c.d.CdisDBridge [https-jsse-nio-444-exec-3] Get Values  idpatient:2326 section:Lab
2025-10-21 11:01:51,939 INFO c.g.c.d.CdisDBridge [https-jsse-nio-444-exec-3] Get Values  idpatient:2326 section:Complications
2025-10-21 11:01:51,976 INFO c.g.c.d.CdisDBridge [https-jsse-nio-444-exec-3] Get Values  idpatient:2326 section:Miscellaneous
2025-10-21 11:01:52,013 INFO c.g.c.d.CdisDBridge [https-jsse-nio-444-exec-3] Get Values  idpatient:2326 section:Meds
2025-10-21 11:01:52,076 INFO c.g.c.d.CdisDBridge [https-jsse-nio-444-exec-3] Get Values  idpatient:2326 section:Depression
2025-10-21 11:01:52,077 INFO c.g.c.d.ChbDBridge [https-jsse-nio-444-exec-3] Get Action :VIEWP
2025-10-21 11:01:52,084 INFO c.g.c.d.ChbDBridge [https-jsse-nio-444-exec-3] Get User ID Session :radu  radu@grvtech.ca  iduser : 1
2025-10-21 11:01:52,086 INFO c.g.c.d.ChbDBridge [https-jsse-nio-444-exec-3] Set Event : 13  user:1 session:5bf84480c0b41139552b50ae72578b90
2025-10-21 11:01:52,101 INFO c.g.c.d.ChbDBridge [https-jsse-nio-444-exec-8] Get User ID Session :radu  radu@grvtech.ca  iduser : 1
2025-10-21 11:01:52,102 INFO c.g.c.d.ChbDBridge [https-jsse-nio-444-exec-8] Get User Notes iduser:1
2025-10-21 11:01:52,105 INFO c.g.c.d.ChbDBridge [https-jsse-nio-444-exec-7] Get User by ID:radu  radu@grvtech.ca  iduser : 1
2025-10-21 11:01:52,111 INFO c.g.c.d.CdisDBridge [https-jsse-nio-444-exec-1] Get Patient By ID :3199RAMQ:BLAG84621110
2025-10-21 11:01:52,122 INFO c.g.c.d.ChbDBridge [https-jsse-nio-444-exec-10] Get Scheduled Visits idprofession:4   idpatient:2326
2025-10-21 11:01:52,128 INFO c.g.c.d.ChbDBridge [https-jsse-nio-444-exec-6] Get Scheduled Visits idprofession:1   idpatient:2326
2025-10-21 11:01:52,132 INFO c.g.c.d.ChbDBridge [https-jsse-nio-444-exec-5] Get Scheduled Visits idprofession:2   idpatient:2326
2025-10-21 11:01:52,135 INFO c.g.c.d.ChbDBridge [https-jsse-nio-444-exec-8] Get Scheduled Visits idprofession:3   idpatient:2326
2025-10-21 11:01:52,259 INFO c.g.c.d.CdisDBridge [https-jsse-nio-444-exec-7] Get Patient By RAMQ :2326RAMQ:CHEC80600910
2025-10-21 11:02:22,128 INFO c.g.c.d.ChbDBridge [https-jsse-nio-444-exec-1] Get User ID Session :radu  radu@grvtech.ca  iduser : 1
2025-10-21 11:02:22,128 INFO c.g.c.d.ChbDBridge [https-jsse-nio-444-exec-1] Get User Notes iduser:1
2025-10-21 11:02:52,141 INFO c.g.c.d.ChbDBridge [https-jsse-nio-444-exec-9] Get User ID Session :radu  radu@grvtech.ca  iduser : 1
2025-10-21 11:02:52,142 INFO c.g.c.d.ChbDBridge [https-jsse-nio-444-exec-9] Get User Notes iduser:1
2025-10-21 11:03:22,162 INFO c.g.c.d.ChbDBridge [https-jsse-nio-444-exec-3] Get User ID Session :radu  radu@grvtech.ca  iduser : 1
2025-10-21 11:03:22,163 INFO c.g.c.d.ChbDBridge [https-jsse-nio-444-exec-3] Get User Notes iduser:1
2025-10-21 11:03:52,184 INFO c.g.c.d.ChbDBridge [https-jsse-nio-444-exec-10] Get User ID Session :radu  radu@grvtech.ca  iduser : 1
2025-10-21 11:03:52,185 INFO c.g.c.d.ChbDBridge [https-jsse-nio-444-exec-10] Get User Notes iduser:1
2025-10-21 11:04:22,208 INFO c.g.c.d.ChbDBridge [https-jsse-nio-444-exec-6] Get User ID Session :radu  radu@grvtech.ca  iduser : 1
2025-10-21 11:04:22,208 INFO c.g.c.d.ChbDBridge [https-jsse-nio-444-exec-6] Get User Notes iduser:1
2025-10-21 11:04:52,220 INFO c.g.c.d.ChbDBridge [https-jsse-nio-444-exec-5] Get User ID Session :radu  radu@grvtech.ca  iduser : 1
2025-10-21 11:04:52,221 INFO c.g.c.d.ChbDBridge [https-jsse-nio-444-exec-5] Get User Notes iduser:1
2025-10-21 11:05:22,239 INFO c.g.c.d.ChbDBridge [https-jsse-nio-444-exec-8] Get User ID Session :radu  radu@grvtech.ca  iduser : 1
2025-10-21 11:05:22,240 INFO c.g.c.d.ChbDBridge [https-jsse-nio-444-exec-8] Get User Notes iduser:1
2025-10-21 11:05:52,255 INFO c.g.c.d.ChbDBridge [https-jsse-nio-444-exec-7] Get User ID Session :radu  radu@grvtech.ca  iduser : 1
2025-10-21 11:05:52,256 INFO c.g.c.d.ChbDBridge [https-jsse-nio-444-exec-7] Get User Notes iduser:1
2025-10-21 11:06:22,273 INFO c.g.c.d.ChbDBridge [https-jsse-nio-444-exec-1] Get User ID Session :radu  radu@grvtech.ca  iduser : 1
2025-10-21 11:06:22,274 INFO c.g.c.d.ChbDBridge [https-jsse-nio-444-exec-1] Get User Notes iduser:1
2025-10-21 11:06:52,287 INFO c.g.c.d.ChbDBridge [https-jsse-nio-444-exec-9] Get User ID Session :radu  radu@grvtech.ca  iduser : 1
2025-10-21 11:06:52,288 INFO c.g.c.d.ChbDBridge [https-jsse-nio-444-exec-9] Get User Notes iduser:1
2025-10-21 11:07:22,687 INFO c.g.c.d.ChbDBridge [https-jsse-nio-444-exec-4] Get User ID Session :radu  radu@grvtech.ca  iduser : 1
2025-10-21 11:07:22,688 INFO c.g.c.d.ChbDBridge [https-jsse-nio-444-exec-4] Get User Notes iduser:1
2025-10-21 11:07:53,691 INFO c.g.c.d.ChbDBridge [https-jsse-nio-444-exec-2] Get User ID Session :radu  radu@grvtech.ca  iduser : 1
2025-10-21 11:07:53,692 INFO c.g.c.d.ChbDBridge [https-jsse-nio-444-exec-2] Get User Notes iduser:1
2025-10-21 11:08:58,724 INFO c.g.c.d.ChbDBridge [https-jsse-nio-444-exec-10] Get User ID Session :radu  radu@grvtech.ca  iduser : 1
2025-10-21 11:08:58,724 INFO c.g.c.d.ChbDBridge [https-jsse-nio-444-exec-10] Get User Notes iduser:1
2025-10-21 11:10:16,713 INFO c.g.c.d.ChbDBridge [https-jsse-nio-444-exec-5] Get User ID Session :radu  radu@grvtech.ca  iduser : 1
2025-10-21 11:10:16,714 INFO c.g.c.d.ChbDBridge [https-jsse-nio-444-exec-5] Get User Notes iduser:1
2025-10-21 11:11:16,689 INFO c.g.c.d.ChbDBridge [https-jsse-nio-444-exec-8] Get User ID Session :radu  radu@grvtech.ca  iduser : 1
2025-10-21 11:11:16,690 INFO c.g.c.d.ChbDBridge [https-jsse-nio-444-exec-8] Get User Notes iduser:1
2025-10-21 11:12:16,704 INFO c.g.c.d.ChbDBridge [https-jsse-nio-444-exec-7] Get User ID Session :radu  radu@grvtech.ca  iduser : 1
2025-10-21 11:12:16,720 INFO c.g.c.d.ChbDBridge [https-jsse-nio-444-exec-7] Get User Notes iduser:1
2025-10-21 11:13:16,685 INFO c.g.c.d.ChbDBridge [https-jsse-nio-444-exec-1] Get User ID Session :radu  radu@grvtech.ca  iduser : 1
2025-10-21 11:13:16,686 INFO c.g.c.d.ChbDBridge [https-jsse-nio-444-exec-1] Get User Notes iduser:1
2025-10-21 11:14:16,685 INFO c.g.c.d.ChbDBridge [https-jsse-nio-444-exec-9] Get User ID Session :radu  radu@grvtech.ca  iduser : 1
2025-10-21 11:14:16,686 INFO c.g.c.d.ChbDBridge [https-jsse-nio-444-exec-9] Get User Notes iduser:1
2025-10-21 11:15:16,686 INFO c.g.c.d.ChbDBridge [https-jsse-nio-444-exec-4] Get User ID Session :radu  radu@grvtech.ca  iduser : 1
2025-10-21 11:15:16,687 INFO c.g.c.d.ChbDBridge [https-jsse-nio-444-exec-4] Get User Notes iduser:1
2025-10-21 11:16:16,691 INFO c.g.c.d.ChbDBridge [https-jsse-nio-444-exec-2] Get User ID Session :radu  radu@grvtech.ca  iduser : 1
2025-10-21 11:16:16,692 INFO c.g.c.d.ChbDBridge [https-jsse-nio-444-exec-2] Get User Notes iduser:1
2025-10-21 11:17:16,685 INFO c.g.c.d.ChbDBridge [https-jsse-nio-444-exec-3] Get User ID Session :radu  radu@grvtech.ca  iduser : 1
2025-10-21 11:17:16,686 INFO c.g.c.d.ChbDBridge [https-jsse-nio-444-exec-3] Get User Notes iduser:1
2025-10-21 11:17:22,851 INFO c.g.c.d.ChbDBridge [https-jsse-nio-444-exec-5] Get User Session by idsession : iduser:1  session:5bf84480c0b41139552b50ae72578b90
2025-10-21 11:17:22,851 INFO c.g.c.d.ChbDBridge [https-jsse-nio-444-exec-5] Valid Session for :1 session : 5bf84480c0b41139552b50ae72578b90   0:0:0:0:0:0:0:1
2025-10-21 11:17:22,862 INFO c.g.c.d.ChbDBridge [https-jsse-nio-444-exec-9] Get User ID Session :radu  radu@grvtech.ca  iduser : 1
2025-10-21 11:17:22,879 INFO c.g.c.d.ChbDBridge [https-jsse-nio-444-exec-3] Get User by ID:radu  radu@grvtech.ca  iduser : 1
2025-10-21 11:17:22,889 INFO c.g.c.d.ChbDBridge [https-jsse-nio-444-exec-1] Get User ID Session :radu  radu@grvtech.ca  iduser : 1
2025-10-21 11:17:22,912 INFO c.g.c.d.ChbDBridge [https-jsse-nio-444-exec-10] Get List of users :513
2025-10-21 11:17:22,930 INFO c.g.c.d.CdisDBridge [https-jsse-nio-444-exec-4] Get Patient By RAMQ :2326RAMQ:CHEC80600910
2025-10-21 11:17:22,931 INFO c.g.c.d.CdisDBridge [https-jsse-nio-444-exec-4] Get HCP by IDpatient  idpatient:2326
2025-10-21 11:17:22,970 INFO c.g.c.d.CdisDBridge [https-jsse-nio-444-exec-4] Get Values  idpatient:2326 section:Diabet
2025-10-21 11:17:23,018 INFO c.g.c.d.CdisDBridge [https-jsse-nio-444-exec-4] Get Values  idpatient:2326 section:MDVisit
2025-10-21 11:17:23,052 INFO c.g.c.d.CdisDBridge [https-jsse-nio-444-exec-4] Get Values  idpatient:2326 section:Renal
2025-10-21 11:17:23,091 INFO c.g.c.d.CdisDBridge [https-jsse-nio-444-exec-4] Get Values  idpatient:2326 section:Lipid
2025-10-21 11:17:23,135 INFO c.g.c.d.CdisDBridge [https-jsse-nio-444-exec-4] Get Values  idpatient:2326 section:Lab
2025-10-21 11:17:23,169 INFO c.g.c.d.CdisDBridge [https-jsse-nio-444-exec-4] Get Values  idpatient:2326 section:Complications
2025-10-21 11:17:23,209 INFO c.g.c.d.CdisDBridge [https-jsse-nio-444-exec-4] Get Values  idpatient:2326 section:Miscellaneous
2025-10-21 11:17:23,247 INFO c.g.c.d.CdisDBridge [https-jsse-nio-444-exec-4] Get Values  idpatient:2326 section:Meds
2025-10-21 11:17:23,284 INFO c.g.c.d.CdisDBridge [https-jsse-nio-444-exec-4] Get Values  idpatient:2326 section:Depression
2025-10-21 11:17:23,285 INFO c.g.c.d.ChbDBridge [https-jsse-nio-444-exec-4] Get Action :VIEWP
2025-10-21 11:17:23,293 INFO c.g.c.d.ChbDBridge [https-jsse-nio-444-exec-4] Get User ID Session :radu  radu@grvtech.ca  iduser : 1
2025-10-21 11:17:23,295 INFO c.g.c.d.ChbDBridge [https-jsse-nio-444-exec-4] Set Event : 13  user:1 session:5bf84480c0b41139552b50ae72578b90
2025-10-21 11:17:23,316 INFO c.g.c.d.ChbDBridge [https-jsse-nio-444-exec-5] Get User ID Session :radu  radu@grvtech.ca  iduser : 1
2025-10-21 11:17:23,317 INFO c.g.c.d.ChbDBridge [https-jsse-nio-444-exec-5] Get User Notes iduser:1
2025-10-21 11:17:23,327 INFO c.g.c.d.ChbDBridge [https-jsse-nio-444-exec-9] Get User by ID:radu  radu@grvtech.ca  iduser : 1
2025-10-21 11:17:23,335 INFO c.g.c.d.CdisDBridge [https-jsse-nio-444-exec-3] Get Patient By ID :3199RAMQ:BLAG84621110
2025-10-21 11:17:23,352 INFO c.g.c.d.ChbDBridge [https-jsse-nio-444-exec-2] Get Scheduled Visits idprofession:4   idpatient:2326
2025-10-21 11:17:23,357 INFO c.g.c.d.ChbDBridge [https-jsse-nio-444-exec-5] Get Scheduled Visits idprofession:1   idpatient:2326
2025-10-21 11:17:23,360 INFO c.g.c.d.ChbDBridge [https-jsse-nio-444-exec-9] Get Scheduled Visits idprofession:2   idpatient:2326
2025-10-21 11:17:23,363 INFO c.g.c.d.ChbDBridge [https-jsse-nio-444-exec-3] Get Scheduled Visits idprofession:3   idpatient:2326
2025-10-21 11:17:23,483 INFO c.g.c.d.CdisDBridge [https-jsse-nio-444-exec-1] Get Patient By RAMQ :2326RAMQ:CHEC80600910
2025-10-21 11:17:53,337 INFO c.g.c.d.ChbDBridge [https-jsse-nio-444-exec-4] Get User ID Session :radu  radu@grvtech.ca  iduser : 1
2025-10-21 11:17:53,338 INFO c.g.c.d.ChbDBridge [https-jsse-nio-444-exec-4] Get User Notes iduser:1
2025-10-21 11:18:23,361 INFO c.g.c.d.ChbDBridge [https-jsse-nio-444-exec-6] Get User ID Session :radu  radu@grvtech.ca  iduser : 1
2025-10-21 11:18:23,361 INFO c.g.c.d.ChbDBridge [https-jsse-nio-444-exec-6] Get User Notes iduser:1
2025-10-21 11:18:53,381 INFO c.g.c.d.ChbDBridge [https-jsse-nio-444-exec-9] Get User ID Session :radu  radu@grvtech.ca  iduser : 1
2025-10-21 11:18:53,382 INFO c.g.c.d.ChbDBridge [https-jsse-nio-444-exec-9] Get User Notes iduser:1
2025-10-21 11:19:23,398 INFO c.g.c.d.ChbDBridge [https-jsse-nio-444-exec-3] Get User ID Session :radu  radu@grvtech.ca  iduser : 1
2025-10-21 11:19:23,399 INFO c.g.c.d.ChbDBridge [https-jsse-nio-444-exec-3] Get User Notes iduser:1
2025-10-21 11:19:53,413 INFO c.g.c.d.ChbDBridge [https-jsse-nio-444-exec-1] Get User ID Session :radu  radu@grvtech.ca  iduser : 1
2025-10-21 11:19:53,413 INFO c.g.c.d.ChbDBridge [https-jsse-nio-444-exec-1] Get User Notes iduser:1
2025-10-21 11:20:23,433 INFO c.g.c.d.ChbDBridge [https-jsse-nio-444-exec-4] Get User ID Session :radu  radu@grvtech.ca  iduser : 1
2025-10-21 11:20:23,435 INFO c.g.c.d.ChbDBridge [https-jsse-nio-444-exec-4] Get User Notes iduser:1
2025-10-21 11:20:53,456 INFO c.g.c.d.ChbDBridge [https-jsse-nio-444-exec-6] Get User ID Session :radu  radu@grvtech.ca  iduser : 1
2025-10-21 11:20:53,457 INFO c.g.c.d.ChbDBridge [https-jsse-nio-444-exec-6] Get User Notes iduser:1
2025-10-21 11:21:23,485 INFO c.g.c.d.ChbDBridge [https-jsse-nio-444-exec-5] Get User ID Session :radu  radu@grvtech.ca  iduser : 1
2025-10-21 11:21:23,486 INFO c.g.c.d.ChbDBridge [https-jsse-nio-444-exec-5] Get User Notes iduser:1
2025-10-21 11:21:53,503 INFO c.g.c.d.ChbDBridge [https-jsse-nio-444-exec-10] Get User ID Session :radu  radu@grvtech.ca  iduser : 1
2025-10-21 11:21:53,504 INFO c.g.c.d.ChbDBridge [https-jsse-nio-444-exec-10] Get User Notes iduser:1
2025-10-21 11:22:23,524 INFO c.g.c.d.ChbDBridge [https-jsse-nio-444-exec-7] Get User ID Session :radu  radu@grvtech.ca  iduser : 1
2025-10-21 11:22:23,525 INFO c.g.c.d.ChbDBridge [https-jsse-nio-444-exec-7] Get User Notes iduser:1
2025-10-21 11:22:53,538 INFO c.g.c.d.ChbDBridge [https-jsse-nio-444-exec-2] Get User ID Session :radu  radu@grvtech.ca  iduser : 1
2025-10-21 11:22:53,538 INFO c.g.c.d.ChbDBridge [https-jsse-nio-444-exec-2] Get User Notes iduser:1
2025-10-21 11:23:23,577 INFO c.g.c.d.ChbDBridge [https-jsse-nio-444-exec-9] Get User ID Session :radu  radu@grvtech.ca  iduser : 1
2025-10-21 11:23:23,578 INFO c.g.c.d.ChbDBridge [https-jsse-nio-444-exec-9] Get User Notes iduser:1
2025-10-21 11:23:53,591 INFO c.g.c.d.ChbDBridge [https-jsse-nio-444-exec-3] Get User ID Session :radu  radu@grvtech.ca  iduser : 1
2025-10-21 11:23:53,593 INFO c.g.c.d.ChbDBridge [https-jsse-nio-444-exec-3] Get User Notes iduser:1
2025-10-21 11:24:23,605 INFO c.g.c.d.ChbDBridge [https-jsse-nio-444-exec-1] Get User ID Session :radu  radu@grvtech.ca  iduser : 1
2025-10-21 11:24:23,606 INFO c.g.c.d.ChbDBridge [https-jsse-nio-444-exec-1] Get User Notes iduser:1
2025-10-21 11:24:53,694 INFO c.g.c.d.ChbDBridge [https-jsse-nio-444-exec-4] Get User ID Session :radu  radu@grvtech.ca  iduser : 1
2025-10-21 11:24:53,695 INFO c.g.c.d.ChbDBridge [https-jsse-nio-444-exec-4] Get User Notes iduser:1
2025-10-21 11:25:24,694 INFO c.g.c.d.ChbDBridge [https-jsse-nio-444-exec-6] Get User ID Session :radu  radu@grvtech.ca  iduser : 1
2025-10-21 11:25:24,695 INFO c.g.c.d.ChbDBridge [https-jsse-nio-444-exec-6] Get User Notes iduser:1
2025-10-21 11:26:16,687 INFO c.g.c.d.ChbDBridge [https-jsse-nio-444-exec-5] Get User ID Session :radu  radu@grvtech.ca  iduser : 1
2025-10-21 11:26:16,688 INFO c.g.c.d.ChbDBridge [https-jsse-nio-444-exec-5] Get User Notes iduser:1
2025-10-21 11:27:16,678 INFO c.g.c.d.ChbDBridge [https-jsse-nio-444-exec-10] Get User ID Session :radu  radu@grvtech.ca  iduser : 1
2025-10-21 11:27:16,688 INFO c.g.c.d.ChbDBridge [https-jsse-nio-444-exec-10] Get User Notes iduser:1
2025-10-21 11:27:46,711 INFO c.g.c.d.ChbDBridge [https-jsse-nio-444-exec-7] Get User ID Session :radu  radu@grvtech.ca  iduser : 1
2025-10-21 11:27:46,714 INFO c.g.c.d.ChbDBridge [https-jsse-nio-444-exec-7] Get User Notes iduser:1
2025-10-21 11:28:16,734 INFO c.g.c.d.ChbDBridge [https-jsse-nio-444-exec-2] Get User ID Session :radu  radu@grvtech.ca  iduser : 1
2025-10-21 11:28:16,735 INFO c.g.c.d.ChbDBridge [https-jsse-nio-444-exec-2] Get User Notes iduser:1
2025-10-21 11:28:46,761 INFO c.g.c.d.ChbDBridge [https-jsse-nio-444-exec-8] Get User ID Session :radu  radu@grvtech.ca  iduser : 1
2025-10-21 11:28:46,761 INFO c.g.c.d.ChbDBridge [https-jsse-nio-444-exec-8] Get User Notes iduser:1
2025-10-21 11:29:16,784 INFO c.g.c.d.ChbDBridge [https-jsse-nio-444-exec-9] Get User ID Session :radu  radu@grvtech.ca  iduser : 1
2025-10-21 11:29:16,785 INFO c.g.c.d.ChbDBridge [https-jsse-nio-444-exec-9] Get User Notes iduser:1
2025-10-21 11:29:46,808 INFO c.g.c.d.ChbDBridge [https-jsse-nio-444-exec-3] Get User ID Session :radu  radu@grvtech.ca  iduser : 1
2025-10-21 11:29:46,809 INFO c.g.c.d.ChbDBridge [https-jsse-nio-444-exec-3] Get User Notes iduser:1
2025-10-21 11:30:16,830 INFO c.g.c.d.ChbDBridge [https-jsse-nio-444-exec-1] Get User ID Session :radu  radu@grvtech.ca  iduser : 1
2025-10-21 11:30:16,831 INFO c.g.c.d.ChbDBridge [https-jsse-nio-444-exec-1] Get User Notes iduser:1
2025-10-21 11:30:46,858 INFO c.g.c.d.ChbDBridge [https-jsse-nio-444-exec-4] Get User ID Session :radu  radu@grvtech.ca  iduser : 1
2025-10-21 11:30:46,860 INFO c.g.c.d.ChbDBridge [https-jsse-nio-444-exec-4] Get User Notes iduser:1
2025-10-21 11:31:16,880 INFO c.g.c.d.ChbDBridge [https-jsse-nio-444-exec-6] Get User ID Session :radu  radu@grvtech.ca  iduser : 1
2025-10-21 11:31:16,882 INFO c.g.c.d.ChbDBridge [https-jsse-nio-444-exec-6] Get User Notes iduser:1
2025-10-21 11:31:46,900 INFO c.g.c.d.ChbDBridge [https-jsse-nio-444-exec-5] Get User ID Session :radu  radu@grvtech.ca  iduser : 1
2025-10-21 11:31:46,901 INFO c.g.c.d.ChbDBridge [https-jsse-nio-444-exec-5] Get User Notes iduser:1
2025-10-21 11:32:16,916 INFO c.g.c.d.ChbDBridge [https-jsse-nio-444-exec-10] Get User ID Session :radu  radu@grvtech.ca  iduser : 1
2025-10-21 11:32:16,917 INFO c.g.c.d.ChbDBridge [https-jsse-nio-444-exec-10] Get User Notes iduser:1
2025-10-21 11:32:46,939 INFO c.g.c.d.ChbDBridge [https-jsse-nio-444-exec-7] Get User ID Session :radu  radu@grvtech.ca  iduser : 1
2025-10-21 11:32:46,941 INFO c.g.c.d.ChbDBridge [https-jsse-nio-444-exec-7] Get User Notes iduser:1
2025-10-21 11:33:16,952 INFO c.g.c.d.ChbDBridge [https-jsse-nio-444-exec-2] Get User ID Session :radu  radu@grvtech.ca  iduser : 1
2025-10-21 11:33:16,953 INFO c.g.c.d.ChbDBridge [https-jsse-nio-444-exec-2] Get User Notes iduser:1
2025-10-21 11:33:46,970 INFO c.g.c.d.ChbDBridge [https-jsse-nio-444-exec-8] Get User ID Session :radu  radu@grvtech.ca  iduser : 1
2025-10-21 11:33:46,972 INFO c.g.c.d.ChbDBridge [https-jsse-nio-444-exec-8] Get User Notes iduser:1
2025-10-21 11:34:16,995 INFO c.g.c.d.ChbDBridge [https-jsse-nio-444-exec-9] Get User ID Session :radu  radu@grvtech.ca  iduser : 1
2025-10-21 11:34:16,996 INFO c.g.c.d.ChbDBridge [https-jsse-nio-444-exec-9] Get User Notes iduser:1
2025-10-21 11:34:47,009 INFO c.g.c.d.ChbDBridge [https-jsse-nio-444-exec-3] Get User ID Session :radu  radu@grvtech.ca  iduser : 1
2025-10-21 11:34:47,010 INFO c.g.c.d.ChbDBridge [https-jsse-nio-444-exec-3] Get User Notes iduser:1
2025-10-21 11:35:17,021 INFO c.g.c.d.ChbDBridge [https-jsse-nio-444-exec-1] Get User ID Session :radu  radu@grvtech.ca  iduser : 1
2025-10-21 11:35:17,023 INFO c.g.c.d.ChbDBridge [https-jsse-nio-444-exec-1] Get User Notes iduser:1
2025-10-21 11:35:47,041 INFO c.g.c.d.ChbDBridge [https-jsse-nio-444-exec-4] Get User ID Session :radu  radu@grvtech.ca  iduser : 1
2025-10-21 11:35:47,042 INFO c.g.c.d.ChbDBridge [https-jsse-nio-444-exec-4] Get User Notes iduser:1
2025-10-21 11:36:17,689 INFO c.g.c.d.ChbDBridge [https-jsse-nio-444-exec-6] Get User ID Session :radu  radu@grvtech.ca  iduser : 1
2025-10-21 11:36:17,691 INFO c.g.c.d.ChbDBridge [https-jsse-nio-444-exec-6] Get User Notes iduser:1
2025-10-21 11:36:48,685 INFO c.g.c.d.ChbDBridge [https-jsse-nio-444-exec-5] Get User ID Session :radu  radu@grvtech.ca  iduser : 1
2025-10-21 11:36:48,688 INFO c.g.c.d.ChbDBridge [https-jsse-nio-444-exec-5] Get User Notes iduser:1
2025-10-21 11:37:53,711 INFO c.g.c.d.ChbDBridge [https-jsse-nio-444-exec-7] Get User ID Session :radu  radu@grvtech.ca  iduser : 1
2025-10-21 11:37:53,714 INFO c.g.c.d.ChbDBridge [https-jsse-nio-444-exec-7] Get User Notes iduser:1
2025-10-21 11:39:16,708 INFO c.g.c.d.ChbDBridge [https-jsse-nio-444-exec-8] Get User ID Session :radu  radu@grvtech.ca  iduser : 1
2025-10-21 11:39:16,711 INFO c.g.c.d.ChbDBridge [https-jsse-nio-444-exec-8] Get User Notes iduser:1
2025-10-21 11:40:16,683 INFO c.g.c.d.ChbDBridge [https-jsse-nio-444-exec-9] Get User ID Session :radu  radu@grvtech.ca  iduser : 1
2025-10-21 11:40:16,684 INFO c.g.c.d.ChbDBridge [https-jsse-nio-444-exec-9] Get User Notes iduser:1
2025-10-21 11:41:16,711 INFO c.g.c.d.ChbDBridge [https-jsse-nio-444-exec-1] Get User ID Session :radu  radu@grvtech.ca  iduser : 1
2025-10-21 11:41:16,712 INFO c.g.c.d.ChbDBridge [https-jsse-nio-444-exec-1] Get User Notes iduser:1
2025-10-21 11:42:16,688 INFO c.g.c.d.ChbDBridge [https-jsse-nio-444-exec-4] Get User ID Session :radu  radu@grvtech.ca  iduser : 1
2025-10-21 11:42:16,690 INFO c.g.c.d.ChbDBridge [https-jsse-nio-444-exec-4] Get User Notes iduser:1
2025-10-21 11:43:16,692 INFO c.g.c.d.ChbDBridge [https-jsse-nio-444-exec-6] Get User ID Session :radu  radu@grvtech.ca  iduser : 1
2025-10-21 11:43:16,695 INFO c.g.c.d.ChbDBridge [https-jsse-nio-444-exec-6] Get User Notes iduser:1
2025-10-21 11:44:16,693 INFO c.g.c.d.ChbDBridge [https-jsse-nio-444-exec-5] Get User ID Session :radu  radu@grvtech.ca  iduser : 1
2025-10-21 11:44:16,695 INFO c.g.c.d.ChbDBridge [https-jsse-nio-444-exec-5] Get User Notes iduser:1
2025-10-21 11:45:16,690 INFO c.g.c.d.ChbDBridge [https-jsse-nio-444-exec-10] Get User ID Session :radu  radu@grvtech.ca  iduser : 1
2025-10-21 11:45:16,692 INFO c.g.c.d.ChbDBridge [https-jsse-nio-444-exec-10] Get User Notes iduser:1
2025-10-21 11:46:16,683 INFO c.g.c.d.ChbDBridge [https-jsse-nio-444-exec-7] Get User ID Session :radu  radu@grvtech.ca  iduser : 1
2025-10-21 11:46:16,684 INFO c.g.c.d.ChbDBridge [https-jsse-nio-444-exec-7] Get User Notes iduser:1
2025-10-21 11:47:16,680 INFO c.g.c.d.ChbDBridge [https-jsse-nio-444-exec-2] Get User ID Session :radu  radu@grvtech.ca  iduser : 1
2025-10-21 11:47:16,681 INFO c.g.c.d.ChbDBridge [https-jsse-nio-444-exec-2] Get User Notes iduser:1
2025-10-21 11:48:16,694 INFO c.g.c.d.ChbDBridge [https-jsse-nio-444-exec-8] Get User ID Session :radu  radu@grvtech.ca  iduser : 1
2025-10-21 11:48:16,695 INFO c.g.c.d.ChbDBridge [https-jsse-nio-444-exec-8] Get User Notes iduser:1
2025-10-21 11:49:16,688 INFO c.g.c.d.ChbDBridge [https-jsse-nio-444-exec-9] Get User ID Session :radu  radu@grvtech.ca  iduser : 1
2025-10-21 11:49:16,689 INFO c.g.c.d.ChbDBridge [https-jsse-nio-444-exec-9] Get User Notes iduser:1
2025-10-21 11:50:16,694 INFO c.g.c.d.ChbDBridge [https-jsse-nio-444-exec-3] Get User ID Session :radu  radu@grvtech.ca  iduser : 1
2025-10-21 11:50:16,695 INFO c.g.c.d.ChbDBridge [https-jsse-nio-444-exec-3] Get User Notes iduser:1
2025-10-21 11:51:16,681 INFO c.g.c.d.ChbDBridge [https-jsse-nio-444-exec-1] Get User ID Session :radu  radu@grvtech.ca  iduser : 1
2025-10-21 11:51:16,682 INFO c.g.c.d.ChbDBridge [https-jsse-nio-444-exec-1] Get User Notes iduser:1
2025-10-21 11:52:16,694 INFO c.g.c.d.ChbDBridge [https-jsse-nio-444-exec-4] Get User ID Session :radu  radu@grvtech.ca  iduser : 1
2025-10-21 11:52:16,695 INFO c.g.c.d.ChbDBridge [https-jsse-nio-444-exec-4] Get User Notes iduser:1
2025-10-21 11:53:16,685 INFO c.g.c.d.ChbDBridge [https-jsse-nio-444-exec-6] Get User ID Session :radu  radu@grvtech.ca  iduser : 1
2025-10-21 11:53:16,688 INFO c.g.c.d.ChbDBridge [https-jsse-nio-444-exec-6] Get User Notes iduser:1
2025-10-21 11:54:16,706 INFO c.g.c.d.ChbDBridge [https-jsse-nio-444-exec-10] Get User ID Session :radu  radu@grvtech.ca  iduser : 1
2025-10-21 11:54:16,706 INFO c.g.c.d.ChbDBridge [https-jsse-nio-444-exec-10] Get User Notes iduser:1
2025-10-21 11:55:16,682 INFO c.g.c.d.ChbDBridge [https-jsse-nio-444-exec-7] Get User ID Session :radu  radu@grvtech.ca  iduser : 1
2025-10-21 11:55:16,684 INFO c.g.c.d.ChbDBridge [https-jsse-nio-444-exec-7] Get User Notes iduser:1
2025-10-21 11:56:16,688 INFO c.g.c.d.ChbDBridge [https-jsse-nio-444-exec-2] Get User ID Session :radu  radu@grvtech.ca  iduser : 1
2025-10-21 11:56:16,690 INFO c.g.c.d.ChbDBridge [https-jsse-nio-444-exec-2] Get User Notes iduser:1
2025-10-21 11:57:16,694 INFO c.g.c.d.ChbDBridge [https-jsse-nio-444-exec-8] Get User ID Session :radu  radu@grvtech.ca  iduser : 1
2025-10-21 11:57:16,695 INFO c.g.c.d.ChbDBridge [https-jsse-nio-444-exec-8] Get User Notes iduser:1
2025-10-21 11:58:16,685 INFO c.g.c.d.ChbDBridge [https-jsse-nio-444-exec-9] Get User ID Session :radu  radu@grvtech.ca  iduser : 1
2025-10-21 11:58:16,686 INFO c.g.c.d.ChbDBridge [https-jsse-nio-444-exec-9] Get User Notes iduser:1
2025-10-21 11:59:16,691 INFO c.g.c.d.ChbDBridge [https-jsse-nio-444-exec-3] Get User ID Session :radu  radu@grvtech.ca  iduser : 1
2025-10-21 11:59:16,692 INFO c.g.c.d.ChbDBridge [https-jsse-nio-444-exec-3] Get User Notes iduser:1
2025-10-21 12:00:16,694 INFO c.g.c.d.ChbDBridge [https-jsse-nio-444-exec-1] Get User ID Session :radu  radu@grvtech.ca  iduser : 1
2025-10-21 12:00:16,695 INFO c.g.c.d.ChbDBridge [https-jsse-nio-444-exec-1] Get User Notes iduser:1
2025-10-21 12:01:16,686 INFO c.g.c.d.ChbDBridge [https-jsse-nio-444-exec-4] Get User ID Session :radu  radu@grvtech.ca  iduser : 1
2025-10-21 12:01:16,687 INFO c.g.c.d.ChbDBridge [https-jsse-nio-444-exec-4] Get User Notes iduser:1
2025-10-21 12:02:16,687 INFO c.g.c.d.ChbDBridge [https-jsse-nio-444-exec-6] Get User ID Session :radu  radu@grvtech.ca  iduser : 1
2025-10-21 12:02:16,688 INFO c.g.c.d.ChbDBridge [https-jsse-nio-444-exec-6] Get User Notes iduser:1
2025-10-21 12:03:16,685 INFO c.g.c.d.ChbDBridge [https-jsse-nio-444-exec-5] Get User ID Session :radu  radu@grvtech.ca  iduser : 1
2025-10-21 12:03:16,685 INFO c.g.c.d.ChbDBridge [https-jsse-nio-444-exec-5] Get User Notes iduser:1
2025-10-21 12:04:16,681 INFO c.g.c.d.ChbDBridge [https-jsse-nio-444-exec-10] Get User ID Session :radu  radu@grvtech.ca  iduser : 1
2025-10-21 12:04:16,685 INFO c.g.c.d.ChbDBridge [https-jsse-nio-444-exec-10] Get User Notes iduser:1
2025-10-21 12:05:16,681 INFO c.g.c.d.ChbDBridge [https-jsse-nio-444-exec-7] Get User ID Session :radu  radu@grvtech.ca  iduser : 1
2025-10-21 12:05:16,682 INFO c.g.c.d.ChbDBridge [https-jsse-nio-444-exec-7] Get User Notes iduser:1
2025-10-21 12:06:16,682 INFO c.g.c.d.ChbDBridge [https-jsse-nio-444-exec-2] Get User ID Session :radu  radu@grvtech.ca  iduser : 1
2025-10-21 12:06:16,683 INFO c.g.c.d.ChbDBridge [https-jsse-nio-444-exec-2] Get User Notes iduser:1
2025-10-21 12:07:16,687 INFO c.g.c.d.ChbDBridge [https-jsse-nio-444-exec-8] Get User ID Session :radu  radu@grvtech.ca  iduser : 1
2025-10-21 12:07:16,688 INFO c.g.c.d.ChbDBridge [https-jsse-nio-444-exec-8] Get User Notes iduser:1
2025-10-21 12:07:56,594 INFO c.g.c.d.ChbDBridge [https-jsse-nio-444-exec-9] Get User ID Session :radu  radu@grvtech.ca  iduser : 1
2025-10-21 12:07:56,595 INFO c.g.c.d.ChbDBridge [https-jsse-nio-444-exec-9] Get User Notes iduser:1
2025-10-21 12:08:26,627 INFO c.g.c.d.ChbDBridge [https-jsse-nio-444-exec-3] Get User ID Session :radu  radu@grvtech.ca  iduser : 1
2025-10-21 12:08:26,628 INFO c.g.c.d.ChbDBridge [https-jsse-nio-444-exec-3] Get User Notes iduser:1
2025-10-21 12:08:56,646 INFO c.g.c.d.ChbDBridge [https-jsse-nio-444-exec-1] Get User ID Session :radu  radu@grvtech.ca  iduser : 1
2025-10-21 12:08:56,647 INFO c.g.c.d.ChbDBridge [https-jsse-nio-444-exec-1] Get User Notes iduser:1
2025-10-21 12:09:26,665 INFO c.g.c.d.ChbDBridge [https-jsse-nio-444-exec-4] Get User ID Session :radu  radu@grvtech.ca  iduser : 1
2025-10-21 12:09:26,666 INFO c.g.c.d.ChbDBridge [https-jsse-nio-444-exec-4] Get User Notes iduser:1
2025-10-21 12:09:56,694 INFO c.g.c.d.ChbDBridge [https-jsse-nio-444-exec-6] Get User ID Session :radu  radu@grvtech.ca  iduser : 1
2025-10-21 12:09:56,695 INFO c.g.c.d.ChbDBridge [https-jsse-nio-444-exec-6] Get User Notes iduser:1
2025-10-21 12:10:26,714 INFO c.g.c.d.ChbDBridge [https-jsse-nio-444-exec-5] Get User ID Session :radu  radu@grvtech.ca  iduser : 1
2025-10-21 12:10:26,716 INFO c.g.c.d.ChbDBridge [https-jsse-nio-444-exec-5] Get User Notes iduser:1
2025-10-21 12:10:56,726 INFO c.g.c.d.ChbDBridge [https-jsse-nio-444-exec-10] Get User ID Session :radu  radu@grvtech.ca  iduser : 1
2025-10-21 12:10:56,727 INFO c.g.c.d.ChbDBridge [https-jsse-nio-444-exec-10] Get User Notes iduser:1
2025-10-21 12:11:26,745 INFO c.g.c.d.ChbDBridge [https-jsse-nio-444-exec-7] Get User ID Session :radu  radu@grvtech.ca  iduser : 1
2025-10-21 12:11:26,746 INFO c.g.c.d.ChbDBridge [https-jsse-nio-444-exec-7] Get User Notes iduser:1
2025-10-21 12:11:56,767 INFO c.g.c.d.ChbDBridge [https-jsse-nio-444-exec-2] Get User ID Session :radu  radu@grvtech.ca  iduser : 1
2025-10-21 12:11:56,768 INFO c.g.c.d.ChbDBridge [https-jsse-nio-444-exec-2] Get User Notes iduser:1
2025-10-21 12:12:26,789 INFO c.g.c.d.ChbDBridge [https-jsse-nio-444-exec-8] Get User ID Session :radu  radu@grvtech.ca  iduser : 1
2025-10-21 12:12:26,790 INFO c.g.c.d.ChbDBridge [https-jsse-nio-444-exec-8] Get User Notes iduser:1
2025-10-21 12:12:56,805 INFO c.g.c.d.ChbDBridge [https-jsse-nio-444-exec-9] Get User ID Session :radu  radu@grvtech.ca  iduser : 1
2025-10-21 12:12:56,806 INFO c.g.c.d.ChbDBridge [https-jsse-nio-444-exec-9] Get User Notes iduser:1
2025-10-21 12:13:26,831 INFO c.g.c.d.ChbDBridge [https-jsse-nio-444-exec-3] Get User ID Session :radu  radu@grvtech.ca  iduser : 1
2025-10-21 12:13:26,834 INFO c.g.c.d.ChbDBridge [https-jsse-nio-444-exec-3] Get User Notes iduser:1
2025-10-21 12:13:56,845 INFO c.g.c.d.ChbDBridge [https-jsse-nio-444-exec-1] Get User ID Session :radu  radu@grvtech.ca  iduser : 1
2025-10-21 12:13:56,846 INFO c.g.c.d.ChbDBridge [https-jsse-nio-444-exec-1] Get User Notes iduser:1
2025-10-21 12:14:26,868 INFO c.g.c.d.ChbDBridge [https-jsse-nio-444-exec-4] Get User ID Session :radu  radu@grvtech.ca  iduser : 1
2025-10-21 12:14:26,869 INFO c.g.c.d.ChbDBridge [https-jsse-nio-444-exec-4] Get User Notes iduser:1
2025-10-21 12:14:56,883 INFO c.g.c.d.ChbDBridge [https-jsse-nio-444-exec-6] Get User ID Session :radu  radu@grvtech.ca  iduser : 1
2025-10-21 12:14:56,884 INFO c.g.c.d.ChbDBridge [https-jsse-nio-444-exec-6] Get User Notes iduser:1
2025-10-21 12:15:26,910 INFO c.g.c.d.ChbDBridge [https-jsse-nio-444-exec-5] Get User ID Session :radu  radu@grvtech.ca  iduser : 1
2025-10-21 12:15:26,911 INFO c.g.c.d.ChbDBridge [https-jsse-nio-444-exec-5] Get User Notes iduser:1
2025-10-21 12:15:56,935 INFO c.g.c.d.ChbDBridge [https-jsse-nio-444-exec-10] Get User ID Session :radu  radu@grvtech.ca  iduser : 1
2025-10-21 12:15:56,936 INFO c.g.c.d.ChbDBridge [https-jsse-nio-444-exec-10] Get User Notes iduser:1
2025-10-21 12:16:26,949 INFO c.g.c.d.ChbDBridge [https-jsse-nio-444-exec-7] Get User ID Session :radu  radu@grvtech.ca  iduser : 1
2025-10-21 12:16:26,950 INFO c.g.c.d.ChbDBridge [https-jsse-nio-444-exec-7] Get User Notes iduser:1
2025-10-21 12:16:56,969 INFO c.g.c.d.ChbDBridge [https-jsse-nio-444-exec-2] Get User ID Session :radu  radu@grvtech.ca  iduser : 1
2025-10-21 12:16:56,970 INFO c.g.c.d.ChbDBridge [https-jsse-nio-444-exec-2] Get User Notes iduser:1
2025-10-21 12:17:26,985 INFO c.g.c.d.ChbDBridge [https-jsse-nio-444-exec-8] Get User ID Session :radu  radu@grvtech.ca  iduser : 1
2025-10-21 12:17:26,985 INFO c.g.c.d.ChbDBridge [https-jsse-nio-444-exec-8] Get User Notes iduser:1
2025-10-21 12:17:56,997 INFO c.g.c.d.ChbDBridge [https-jsse-nio-444-exec-9] Get User ID Session :radu  radu@grvtech.ca  iduser : 1
2025-10-21 12:17:56,998 INFO c.g.c.d.ChbDBridge [https-jsse-nio-444-exec-9] Get User Notes iduser:1
2025-10-21 12:18:27,023 INFO c.g.c.d.ChbDBridge [https-jsse-nio-444-exec-3] Get User ID Session :radu  radu@grvtech.ca  iduser : 1
2025-10-21 12:18:27,025 INFO c.g.c.d.ChbDBridge [https-jsse-nio-444-exec-3] Get User Notes iduser:1
2025-10-21 12:18:57,041 INFO c.g.c.d.ChbDBridge [https-jsse-nio-444-exec-1] Get User ID Session :radu  radu@grvtech.ca  iduser : 1
2025-10-21 12:18:57,042 INFO c.g.c.d.ChbDBridge [https-jsse-nio-444-exec-1] Get User Notes iduser:1
2025-10-21 12:19:27,055 INFO c.g.c.d.ChbDBridge [https-jsse-nio-444-exec-4] Get User ID Session :radu  radu@grvtech.ca  iduser : 1
2025-10-21 12:19:27,056 INFO c.g.c.d.ChbDBridge [https-jsse-nio-444-exec-4] Get User Notes iduser:1
2025-10-21 12:19:57,071 INFO c.g.c.d.ChbDBridge [https-jsse-nio-444-exec-6] Get User ID Session :radu  radu@grvtech.ca  iduser : 1
2025-10-21 12:19:57,072 INFO c.g.c.d.ChbDBridge [https-jsse-nio-444-exec-6] Get User Notes iduser:1
2025-10-21 12:20:27,099 INFO c.g.c.d.ChbDBridge [https-jsse-nio-444-exec-5] Get User ID Session :radu  radu@grvtech.ca  iduser : 1
2025-10-21 12:20:27,101 INFO c.g.c.d.ChbDBridge [https-jsse-nio-444-exec-5] Get User Notes iduser:1
2025-10-21 12:20:57,121 INFO c.g.c.d.ChbDBridge [https-jsse-nio-444-exec-10] Get User ID Session :radu  radu@grvtech.ca  iduser : 1
2025-10-21 12:20:57,122 INFO c.g.c.d.ChbDBridge [https-jsse-nio-444-exec-10] Get User Notes iduser:1
2025-10-21 12:21:27,143 INFO c.g.c.d.ChbDBridge [https-jsse-nio-444-exec-7] Get User ID Session :radu  radu@grvtech.ca  iduser : 1
2025-10-21 12:21:27,143 INFO c.g.c.d.ChbDBridge [https-jsse-nio-444-exec-7] Get User Notes iduser:1
2025-10-21 12:21:57,158 INFO c.g.c.d.ChbDBridge [https-jsse-nio-444-exec-2] Get User ID Session :radu  radu@grvtech.ca  iduser : 1
2025-10-21 12:21:57,159 INFO c.g.c.d.ChbDBridge [https-jsse-nio-444-exec-2] Get User Notes iduser:1
2025-10-21 12:22:27,178 INFO c.g.c.d.ChbDBridge [https-jsse-nio-444-exec-8] Get User ID Session :radu  radu@grvtech.ca  iduser : 1
2025-10-21 12:22:27,179 INFO c.g.c.d.ChbDBridge [https-jsse-nio-444-exec-8] Get User Notes iduser:1
2025-10-21 12:22:57,205 INFO c.g.c.d.ChbDBridge [https-jsse-nio-444-exec-9] Get User ID Session :radu  radu@grvtech.ca  iduser : 1
2025-10-21 12:22:57,206 INFO c.g.c.d.ChbDBridge [https-jsse-nio-444-exec-9] Get User Notes iduser:1
2025-10-21 12:23:27,263 INFO c.g.c.d.ChbDBridge [https-jsse-nio-444-exec-1] Get User ID Session :radu  radu@grvtech.ca  iduser : 1
2025-10-21 12:23:27,264 INFO c.g.c.d.ChbDBridge [https-jsse-nio-444-exec-1] Get User Notes iduser:1
2025-10-21 12:23:57,275 INFO c.g.c.d.ChbDBridge [https-jsse-nio-444-exec-4] Get User ID Session :radu  radu@grvtech.ca  iduser : 1
2025-10-21 12:23:57,276 INFO c.g.c.d.ChbDBridge [https-jsse-nio-444-exec-4] Get User Notes iduser:1
2025-10-21 12:24:27,298 INFO c.g.c.d.ChbDBridge [https-jsse-nio-444-exec-6] Get User ID Session :radu  radu@grvtech.ca  iduser : 1
2025-10-21 12:24:27,299 INFO c.g.c.d.ChbDBridge [https-jsse-nio-444-exec-6] Get User Notes iduser:1
2025-10-21 12:24:57,324 INFO c.g.c.d.ChbDBridge [https-jsse-nio-444-exec-5] Get User ID Session :radu  radu@grvtech.ca  iduser : 1
2025-10-21 12:24:57,325 INFO c.g.c.d.ChbDBridge [https-jsse-nio-444-exec-5] Get User Notes iduser:1
2025-10-21 12:25:27,344 INFO c.g.c.d.ChbDBridge [https-jsse-nio-444-exec-10] Get User ID Session :radu  radu@grvtech.ca  iduser : 1
2025-10-21 12:25:27,345 INFO c.g.c.d.ChbDBridge [https-jsse-nio-444-exec-10] Get User Notes iduser:1
2025-10-21 12:25:57,367 INFO c.g.c.d.ChbDBridge [https-jsse-nio-444-exec-7] Get User ID Session :radu  radu@grvtech.ca  iduser : 1
2025-10-21 12:25:57,368 INFO c.g.c.d.ChbDBridge [https-jsse-nio-444-exec-7] Get User Notes iduser:1
2025-10-21 12:26:27,394 INFO c.g.c.d.ChbDBridge [https-jsse-nio-444-exec-2] Get User ID Session :radu  radu@grvtech.ca  iduser : 1
2025-10-21 12:26:27,395 INFO c.g.c.d.ChbDBridge [https-jsse-nio-444-exec-2] Get User Notes iduser:1
2025-10-21 12:26:57,408 INFO c.g.c.d.ChbDBridge [https-jsse-nio-444-exec-8] Get User ID Session :radu  radu@grvtech.ca  iduser : 1
2025-10-21 12:26:57,409 INFO c.g.c.d.ChbDBridge [https-jsse-nio-444-exec-8] Get User Notes iduser:1
2025-10-21 12:27:27,688 INFO c.g.c.d.ChbDBridge [https-jsse-nio-444-exec-9] Get User ID Session :radu  radu@grvtech.ca  iduser : 1
2025-10-21 12:27:27,689 INFO c.g.c.d.ChbDBridge [https-jsse-nio-444-exec-9] Get User Notes iduser:1
2025-10-21 12:27:58,686 INFO c.g.c.d.ChbDBridge [https-jsse-nio-444-exec-3] Get User ID Session :radu  radu@grvtech.ca  iduser : 1
2025-10-21 12:27:58,687 INFO c.g.c.d.ChbDBridge [https-jsse-nio-444-exec-3] Get User Notes iduser:1
2025-10-21 12:29:03,704 INFO c.g.c.d.ChbDBridge [https-jsse-nio-444-exec-4] Get User ID Session :radu  radu@grvtech.ca  iduser : 1
2025-10-21 12:29:03,705 INFO c.g.c.d.ChbDBridge [https-jsse-nio-444-exec-4] Get User Notes iduser:1
2025-10-21 12:30:16,755 INFO c.g.c.d.ChbDBridge [https-jsse-nio-444-exec-5] Get User ID Session :radu  radu@grvtech.ca  iduser : 1
2025-10-21 12:30:16,756 INFO c.g.c.d.ChbDBridge [https-jsse-nio-444-exec-5] Get User Notes iduser:1
2025-10-21 12:31:16,688 INFO c.g.c.d.ChbDBridge [https-jsse-nio-444-exec-10] Get User ID Session :radu  radu@grvtech.ca  iduser : 1
2025-10-21 12:31:16,690 INFO c.g.c.d.ChbDBridge [https-jsse-nio-444-exec-10] Get User Notes iduser:1
2025-10-21 12:32:16,685 INFO c.g.c.d.ChbDBridge [https-jsse-nio-444-exec-7] Get User ID Session :radu  radu@grvtech.ca  iduser : 1
2025-10-21 12:32:16,686 INFO c.g.c.d.ChbDBridge [https-jsse-nio-444-exec-7] Get User Notes iduser:1
2025-10-21 12:33:16,695 INFO c.g.c.d.ChbDBridge [https-jsse-nio-444-exec-2] Get User ID Session :radu  radu@grvtech.ca  iduser : 1
2025-10-21 12:33:16,696 INFO c.g.c.d.ChbDBridge [https-jsse-nio-444-exec-2] Get User Notes iduser:1
2025-10-21 12:34:16,690 INFO c.g.c.d.ChbDBridge [https-jsse-nio-444-exec-8] Get User ID Session :radu  radu@grvtech.ca  iduser : 1
2025-10-21 12:34:16,691 INFO c.g.c.d.ChbDBridge [https-jsse-nio-444-exec-8] Get User Notes iduser:1
2025-10-21 12:35:16,688 INFO c.g.c.d.ChbDBridge [https-jsse-nio-444-exec-9] Get User ID Session :radu  radu@grvtech.ca  iduser : 1
2025-10-21 12:35:16,695 INFO c.g.c.d.ChbDBridge [https-jsse-nio-444-exec-9] Get User Notes iduser:1
2025-10-21 12:36:16,681 INFO c.g.c.d.ChbDBridge [https-jsse-nio-444-exec-3] Get User ID Session :radu  radu@grvtech.ca  iduser : 1
2025-10-21 12:36:16,682 INFO c.g.c.d.ChbDBridge [https-jsse-nio-444-exec-3] Get User Notes iduser:1
2025-10-21 12:37:16,687 INFO c.g.c.d.ChbDBridge [https-jsse-nio-444-exec-1] Get User ID Session :radu  radu@grvtech.ca  iduser : 1
2025-10-21 12:37:16,688 INFO c.g.c.d.ChbDBridge [https-jsse-nio-444-exec-1] Get User Notes iduser:1
2025-10-21 12:38:16,691 INFO c.g.c.d.ChbDBridge [https-jsse-nio-444-exec-4] Get User ID Session :radu  radu@grvtech.ca  iduser : 1
2025-10-21 12:38:16,692 INFO c.g.c.d.ChbDBridge [https-jsse-nio-444-exec-4] Get User Notes iduser:1
2025-10-21 12:39:16,686 INFO c.g.c.d.ChbDBridge [https-jsse-nio-444-exec-6] Get User ID Session :radu  radu@grvtech.ca  iduser : 1
2025-10-21 12:39:16,687 INFO c.g.c.d.ChbDBridge [https-jsse-nio-444-exec-6] Get User Notes iduser:1
2025-10-21 12:40:16,685 INFO c.g.c.d.ChbDBridge [https-jsse-nio-444-exec-5] Get User ID Session :radu  radu@grvtech.ca  iduser : 1
2025-10-21 12:40:16,686 INFO c.g.c.d.ChbDBridge [https-jsse-nio-444-exec-5] Get User Notes iduser:1
2025-10-21 12:41:16,688 INFO c.g.c.d.ChbDBridge [https-jsse-nio-444-exec-10] Get User ID Session :radu  radu@grvtech.ca  iduser : 1
2025-10-21 12:41:16,689 INFO c.g.c.d.ChbDBridge [https-jsse-nio-444-exec-10] Get User Notes iduser:1
2025-10-21 12:42:16,688 INFO c.g.c.d.ChbDBridge [https-jsse-nio-444-exec-7] Get User ID Session :radu  radu@grvtech.ca  iduser : 1
2025-10-21 12:42:16,689 INFO c.g.c.d.ChbDBridge [https-jsse-nio-444-exec-7] Get User Notes iduser:1
2025-10-21 12:43:16,694 INFO c.g.c.d.ChbDBridge [https-jsse-nio-444-exec-2] Get User ID Session :radu  radu@grvtech.ca  iduser : 1
2025-10-21 12:43:16,695 INFO c.g.c.d.ChbDBridge [https-jsse-nio-444-exec-2] Get User Notes iduser:1
2025-10-21 12:44:16,686 INFO c.g.c.d.ChbDBridge [https-jsse-nio-444-exec-8] Get User ID Session :radu  radu@grvtech.ca  iduser : 1
2025-10-21 12:44:16,687 INFO c.g.c.d.ChbDBridge [https-jsse-nio-444-exec-8] Get User Notes iduser:1
2025-10-21 12:45:16,693 INFO c.g.c.d.ChbDBridge [https-jsse-nio-444-exec-9] Get User ID Session :radu  radu@grvtech.ca  iduser : 1
2025-10-21 12:45:16,694 INFO c.g.c.d.ChbDBridge [https-jsse-nio-444-exec-9] Get User Notes iduser:1
2025-10-21 12:46:16,682 INFO c.g.c.d.ChbDBridge [https-jsse-nio-444-exec-3] Get User ID Session :radu  radu@grvtech.ca  iduser : 1
2025-10-21 12:46:16,684 INFO c.g.c.d.ChbDBridge [https-jsse-nio-444-exec-3] Get User Notes iduser:1
2025-10-21 12:47:16,690 INFO c.g.c.d.ChbDBridge [https-jsse-nio-444-exec-1] Get User ID Session :radu  radu@grvtech.ca  iduser : 1
2025-10-21 12:47:16,691 INFO c.g.c.d.ChbDBridge [https-jsse-nio-444-exec-1] Get User Notes iduser:1
2025-10-21 12:48:16,706 INFO c.g.c.d.ChbDBridge [https-jsse-nio-444-exec-4] Get User ID Session :radu  radu@grvtech.ca  iduser : 1
2025-10-21 12:48:16,721 INFO c.g.c.d.ChbDBridge [https-jsse-nio-444-exec-4] Get User Notes iduser:1
2025-10-21 12:49:16,692 INFO c.g.c.d.ChbDBridge [https-jsse-nio-444-exec-6] Get User ID Session :radu  radu@grvtech.ca  iduser : 1
2025-10-21 12:49:16,693 INFO c.g.c.d.ChbDBridge [https-jsse-nio-444-exec-6] Get User Notes iduser:1
2025-10-21 12:50:16,692 INFO c.g.c.d.ChbDBridge [https-jsse-nio-444-exec-5] Get User ID Session :radu  radu@grvtech.ca  iduser : 1
2025-10-21 12:50:16,693 INFO c.g.c.d.ChbDBridge [https-jsse-nio-444-exec-5] Get User Notes iduser:1
2025-10-21 12:51:16,686 INFO c.g.c.d.ChbDBridge [https-jsse-nio-444-exec-10] Get User ID Session :radu  radu@grvtech.ca  iduser : 1
2025-10-21 12:51:16,687 INFO c.g.c.d.ChbDBridge [https-jsse-nio-444-exec-10] Get User Notes iduser:1
2025-10-21 12:52:16,683 INFO c.g.c.d.ChbDBridge [https-jsse-nio-444-exec-7] Get User ID Session :radu  radu@grvtech.ca  iduser : 1
2025-10-21 12:52:16,684 INFO c.g.c.d.ChbDBridge [https-jsse-nio-444-exec-7] Get User Notes iduser:1
2025-10-21 12:53:16,683 INFO c.g.c.d.ChbDBridge [https-jsse-nio-444-exec-2] Get User ID Session :radu  radu@grvtech.ca  iduser : 1
2025-10-21 12:53:16,684 INFO c.g.c.d.ChbDBridge [https-jsse-nio-444-exec-2] Get User Notes iduser:1
2025-10-21 12:54:16,709 INFO c.g.c.d.ChbDBridge [https-jsse-nio-444-exec-9] Get User ID Session :radu  radu@grvtech.ca  iduser : 1
2025-10-21 12:54:16,710 INFO c.g.c.d.ChbDBridge [https-jsse-nio-444-exec-9] Get User Notes iduser:1
2025-10-21 12:55:16,691 INFO c.g.c.d.ChbDBridge [https-jsse-nio-444-exec-3] Get User ID Session :radu  radu@grvtech.ca  iduser : 1
2025-10-21 12:55:16,692 INFO c.g.c.d.ChbDBridge [https-jsse-nio-444-exec-3] Get User Notes iduser:1
2025-10-21 12:56:16,683 INFO c.g.c.d.ChbDBridge [https-jsse-nio-444-exec-1] Get User ID Session :radu  radu@grvtech.ca  iduser : 1
2025-10-21 12:56:16,684 INFO c.g.c.d.ChbDBridge [https-jsse-nio-444-exec-1] Get User Notes iduser:1
2025-10-21 12:57:16,689 INFO c.g.c.d.ChbDBridge [https-jsse-nio-444-exec-4] Get User ID Session :radu  radu@grvtech.ca  iduser : 1
2025-10-21 12:57:16,693 INFO c.g.c.d.ChbDBridge [https-jsse-nio-444-exec-4] Get User Notes iduser:1
2025-10-21 12:58:16,690 INFO c.g.c.d.ChbDBridge [https-jsse-nio-444-exec-6] Get User ID Session :radu  radu@grvtech.ca  iduser : 1
2025-10-21 12:58:16,693 INFO c.g.c.d.ChbDBridge [https-jsse-nio-444-exec-6] Get User Notes iduser:1
2025-10-21 12:59:16,694 INFO c.g.c.d.ChbDBridge [https-jsse-nio-444-exec-5] Get User ID Session :radu  radu@grvtech.ca  iduser : 1
2025-10-21 12:59:16,695 INFO c.g.c.d.ChbDBridge [https-jsse-nio-444-exec-5] Get User Notes iduser:1
2025-10-21 13:00:16,693 INFO c.g.c.d.ChbDBridge [https-jsse-nio-444-exec-10] Get User ID Session :radu  radu@grvtech.ca  iduser : 1
2025-10-21 13:00:16,693 INFO c.g.c.d.ChbDBridge [https-jsse-nio-444-exec-10] Get User Notes iduser:1
2025-10-21 13:01:16,679 INFO c.g.c.d.ChbDBridge [https-jsse-nio-444-exec-7] Get User ID Session :radu  radu@grvtech.ca  iduser : 1
2025-10-21 13:01:16,680 INFO c.g.c.d.ChbDBridge [https-jsse-nio-444-exec-7] Get User Notes iduser:1
2025-10-21 13:02:16,680 INFO c.g.c.d.ChbDBridge [https-jsse-nio-444-exec-2] Get User ID Session :radu  radu@grvtech.ca  iduser : 1
2025-10-21 13:02:16,681 INFO c.g.c.d.ChbDBridge [https-jsse-nio-444-exec-2] Get User Notes iduser:1
2025-10-21 13:03:16,680 INFO c.g.c.d.ChbDBridge [https-jsse-nio-444-exec-8] Get User ID Session :radu  radu@grvtech.ca  iduser : 1
2025-10-21 13:03:16,681 INFO c.g.c.d.ChbDBridge [https-jsse-nio-444-exec-8] Get User Notes iduser:1
2025-10-21 13:04:16,690 INFO c.g.c.d.ChbDBridge [https-jsse-nio-444-exec-9] Get User ID Session :radu  radu@grvtech.ca  iduser : 1
2025-10-21 13:04:16,690 INFO c.g.c.d.ChbDBridge [https-jsse-nio-444-exec-9] Get User Notes iduser:1
2025-10-21 13:05:16,681 INFO c.g.c.d.ChbDBridge [https-jsse-nio-444-exec-3] Get User ID Session :radu  radu@grvtech.ca  iduser : 1
2025-10-21 13:05:16,682 INFO c.g.c.d.ChbDBridge [https-jsse-nio-444-exec-3] Get User Notes iduser:1
2025-10-21 13:06:16,687 INFO c.g.c.d.ChbDBridge [https-jsse-nio-444-exec-1] Get User ID Session :radu  radu@grvtech.ca  iduser : 1
2025-10-21 13:06:16,688 INFO c.g.c.d.ChbDBridge [https-jsse-nio-444-exec-1] Get User Notes iduser:1
2025-10-21 13:07:16,694 INFO c.g.c.d.ChbDBridge [https-jsse-nio-444-exec-4] Get User ID Session :radu  radu@grvtech.ca  iduser : 1
2025-10-21 13:07:16,695 INFO c.g.c.d.ChbDBridge [https-jsse-nio-444-exec-4] Get User Notes iduser:1
2025-10-21 13:08:16,688 INFO c.g.c.d.ChbDBridge [https-jsse-nio-444-exec-6] Get User ID Session :radu  radu@grvtech.ca  iduser : 1
2025-10-21 13:08:16,690 INFO c.g.c.d.ChbDBridge [https-jsse-nio-444-exec-6] Get User Notes iduser:1
2025-10-21 13:09:16,686 INFO c.g.c.d.ChbDBridge [https-jsse-nio-444-exec-5] Get User ID Session :radu  radu@grvtech.ca  iduser : 1
2025-10-21 13:09:16,687 INFO c.g.c.d.ChbDBridge [https-jsse-nio-444-exec-5] Get User Notes iduser:1
2025-10-21 13:10:16,680 INFO c.g.c.d.ChbDBridge [https-jsse-nio-444-exec-10] Get User ID Session :radu  radu@grvtech.ca  iduser : 1
2025-10-21 13:10:16,681 INFO c.g.c.d.ChbDBridge [https-jsse-nio-444-exec-10] Get User Notes iduser:1
2025-10-21 13:11:16,683 INFO c.g.c.d.ChbDBridge [https-jsse-nio-444-exec-7] Get User ID Session :radu  radu@grvtech.ca  iduser : 1
2025-10-21 13:11:16,684 INFO c.g.c.d.ChbDBridge [https-jsse-nio-444-exec-7] Get User Notes iduser:1
2025-10-21 13:12:16,682 INFO c.g.c.d.ChbDBridge [https-jsse-nio-444-exec-2] Get User ID Session :radu  radu@grvtech.ca  iduser : 1
2025-10-21 13:12:16,683 INFO c.g.c.d.ChbDBridge [https-jsse-nio-444-exec-2] Get User Notes iduser:1
2025-10-21 13:13:16,695 INFO c.g.c.d.ChbDBridge [https-jsse-nio-444-exec-8] Get User ID Session :radu  radu@grvtech.ca  iduser : 1
2025-10-21 13:13:16,696 INFO c.g.c.d.ChbDBridge [https-jsse-nio-444-exec-8] Get User Notes iduser:1
2025-10-21 13:14:16,694 INFO c.g.c.d.ChbDBridge [https-jsse-nio-444-exec-9] Get User ID Session :radu  radu@grvtech.ca  iduser : 1
2025-10-21 13:14:16,695 INFO c.g.c.d.ChbDBridge [https-jsse-nio-444-exec-9] Get User Notes iduser:1
2025-10-21 13:15:16,694 INFO c.g.c.d.ChbDBridge [https-jsse-nio-444-exec-3] Get User ID Session :radu  radu@grvtech.ca  iduser : 1
2025-10-21 13:15:16,695 INFO c.g.c.d.ChbDBridge [https-jsse-nio-444-exec-3] Get User Notes iduser:1
2025-10-21 13:16:16,701 INFO c.g.c.d.ChbDBridge [https-jsse-nio-444-exec-1] Get User ID Session :radu  radu@grvtech.ca  iduser : 1
2025-10-21 13:16:16,702 INFO c.g.c.d.ChbDBridge [https-jsse-nio-444-exec-1] Get User Notes iduser:1
2025-10-21 13:17:16,688 INFO c.g.c.d.ChbDBridge [https-jsse-nio-444-exec-4] Get User ID Session :radu  radu@grvtech.ca  iduser : 1
2025-10-21 13:17:16,689 INFO c.g.c.d.ChbDBridge [https-jsse-nio-444-exec-4] Get User Notes iduser:1
2025-10-21 13:18:16,681 INFO c.g.c.d.ChbDBridge [https-jsse-nio-444-exec-6] Get User ID Session :radu  radu@grvtech.ca  iduser : 1
2025-10-21 13:18:16,682 INFO c.g.c.d.ChbDBridge [https-jsse-nio-444-exec-6] Get User Notes iduser:1
2025-10-21 13:19:16,701 INFO c.g.c.d.ChbDBridge [https-jsse-nio-444-exec-5] Get User ID Session :radu  radu@grvtech.ca  iduser : 1
2025-10-21 13:19:16,711 INFO c.g.c.d.ChbDBridge [https-jsse-nio-444-exec-5] Get User Notes iduser:1
2025-10-21 13:20:16,687 INFO c.g.c.d.ChbDBridge [https-jsse-nio-444-exec-10] Get User ID Session :radu  radu@grvtech.ca  iduser : 1
2025-10-21 13:20:16,688 INFO c.g.c.d.ChbDBridge [https-jsse-nio-444-exec-10] Get User Notes iduser:1
2025-10-21 13:21:16,687 INFO c.g.c.d.ChbDBridge [https-jsse-nio-444-exec-7] Get User ID Session :radu  radu@grvtech.ca  iduser : 1
2025-10-21 13:21:16,689 INFO c.g.c.d.ChbDBridge [https-jsse-nio-444-exec-7] Get User Notes iduser:1
2025-10-21 13:22:16,684 INFO c.g.c.d.ChbDBridge [https-jsse-nio-444-exec-2] Get User ID Session :radu  radu@grvtech.ca  iduser : 1
2025-10-21 13:22:16,685 INFO c.g.c.d.ChbDBridge [https-jsse-nio-444-exec-2] Get User Notes iduser:1
2025-10-21 13:23:16,680 INFO c.g.c.d.ChbDBridge [https-jsse-nio-444-exec-8] Get User ID Session :radu  radu@grvtech.ca  iduser : 1
2025-10-21 13:23:16,681 INFO c.g.c.d.ChbDBridge [https-jsse-nio-444-exec-8] Get User Notes iduser:1
2025-10-21 13:24:16,729 INFO c.g.c.d.ChbDBridge [https-jsse-nio-444-exec-3] Get User ID Session :radu  radu@grvtech.ca  iduser : 1
2025-10-21 13:24:16,729 INFO c.g.c.d.ChbDBridge [https-jsse-nio-444-exec-3] Get User Notes iduser:1
2025-10-21 13:25:16,693 INFO c.g.c.d.ChbDBridge [https-jsse-nio-444-exec-1] Get User ID Session :radu  radu@grvtech.ca  iduser : 1
2025-10-21 13:25:16,694 INFO c.g.c.d.ChbDBridge [https-jsse-nio-444-exec-1] Get User Notes iduser:1
2025-10-21 13:26:16,686 INFO c.g.c.d.ChbDBridge [https-jsse-nio-444-exec-4] Get User ID Session :radu  radu@grvtech.ca  iduser : 1
2025-10-21 13:26:16,687 INFO c.g.c.d.ChbDBridge [https-jsse-nio-444-exec-4] Get User Notes iduser:1
2025-10-21 13:26:46,711 INFO c.g.c.d.ChbDBridge [https-jsse-nio-444-exec-6] Get User ID Session :radu  radu@grvtech.ca  iduser : 1
2025-10-21 13:26:46,712 INFO c.g.c.d.ChbDBridge [https-jsse-nio-444-exec-6] Get User Notes iduser:1
2025-10-21 13:27:16,730 INFO c.g.c.d.ChbDBridge [https-jsse-nio-444-exec-5] Get User ID Session :radu  radu@grvtech.ca  iduser : 1
2025-10-21 13:27:16,730 INFO c.g.c.d.ChbDBridge [https-jsse-nio-444-exec-5] Get User Notes iduser:1
2025-10-21 13:27:46,754 INFO c.g.c.d.ChbDBridge [https-jsse-nio-444-exec-10] Get User ID Session :radu  radu@grvtech.ca  iduser : 1
2025-10-21 13:27:46,754 INFO c.g.c.d.ChbDBridge [https-jsse-nio-444-exec-10] Get User Notes iduser:1
2025-10-21 13:28:16,779 INFO c.g.c.d.ChbDBridge [https-jsse-nio-444-exec-7] Get User ID Session :radu  radu@grvtech.ca  iduser : 1
2025-10-21 13:28:16,779 INFO c.g.c.d.ChbDBridge [https-jsse-nio-444-exec-7] Get User Notes iduser:1
2025-10-21 13:28:46,794 INFO c.g.c.d.ChbDBridge [https-jsse-nio-444-exec-2] Get User ID Session :radu  radu@grvtech.ca  iduser : 1
2025-10-21 13:28:46,795 INFO c.g.c.d.ChbDBridge [https-jsse-nio-444-exec-2] Get User Notes iduser:1
2025-10-21 13:29:16,812 INFO c.g.c.d.ChbDBridge [https-jsse-nio-444-exec-8] Get User ID Session :radu  radu@grvtech.ca  iduser : 1
2025-10-21 13:29:16,813 INFO c.g.c.d.ChbDBridge [https-jsse-nio-444-exec-8] Get User Notes iduser:1
2025-10-21 13:29:46,828 INFO c.g.c.d.ChbDBridge [https-jsse-nio-444-exec-9] Get User ID Session :radu  radu@grvtech.ca  iduser : 1
2025-10-21 13:29:46,829 INFO c.g.c.d.ChbDBridge [https-jsse-nio-444-exec-9] Get User Notes iduser:1
2025-10-21 13:30:16,850 INFO c.g.c.d.ChbDBridge [https-jsse-nio-444-exec-3] Get User ID Session :radu  radu@grvtech.ca  iduser : 1
2025-10-21 13:30:16,850 INFO c.g.c.d.ChbDBridge [https-jsse-nio-444-exec-3] Get User Notes iduser:1
2025-10-21 13:30:46,870 INFO c.g.c.d.ChbDBridge [https-jsse-nio-444-exec-1] Get User ID Session :radu  radu@grvtech.ca  iduser : 1
2025-10-21 13:30:46,871 INFO c.g.c.d.ChbDBridge [https-jsse-nio-444-exec-1] Get User Notes iduser:1
2025-10-21 13:31:16,895 INFO c.g.c.d.ChbDBridge [https-jsse-nio-444-exec-4] Get User ID Session :radu  radu@grvtech.ca  iduser : 1
2025-10-21 13:31:16,897 INFO c.g.c.d.ChbDBridge [https-jsse-nio-444-exec-4] Get User Notes iduser:1
2025-10-21 13:31:46,918 INFO c.g.c.d.ChbDBridge [https-jsse-nio-444-exec-6] Get User ID Session :radu  radu@grvtech.ca  iduser : 1
2025-10-21 13:31:46,919 INFO c.g.c.d.ChbDBridge [https-jsse-nio-444-exec-6] Get User Notes iduser:1
2025-10-21 13:32:16,932 INFO c.g.c.d.ChbDBridge [https-jsse-nio-444-exec-5] Get User ID Session :radu  radu@grvtech.ca  iduser : 1
2025-10-21 13:32:16,933 INFO c.g.c.d.ChbDBridge [https-jsse-nio-444-exec-5] Get User Notes iduser:1
2025-10-21 13:32:46,957 INFO c.g.c.d.ChbDBridge [https-jsse-nio-444-exec-10] Get User ID Session :radu  radu@grvtech.ca  iduser : 1
2025-10-21 13:32:46,957 INFO c.g.c.d.ChbDBridge [https-jsse-nio-444-exec-10] Get User Notes iduser:1
2025-10-21 13:33:16,983 INFO c.g.c.d.ChbDBridge [https-jsse-nio-444-exec-7] Get User ID Session :radu  radu@grvtech.ca  iduser : 1
2025-10-21 13:33:16,984 INFO c.g.c.d.ChbDBridge [https-jsse-nio-444-exec-7] Get User Notes iduser:1
2025-10-21 13:33:47,005 INFO c.g.c.d.ChbDBridge [https-jsse-nio-444-exec-2] Get User ID Session :radu  radu@grvtech.ca  iduser : 1
2025-10-21 13:33:47,006 INFO c.g.c.d.ChbDBridge [https-jsse-nio-444-exec-2] Get User Notes iduser:1
2025-10-21 13:34:17,032 INFO c.g.c.d.ChbDBridge [https-jsse-nio-444-exec-8] Get User ID Session :radu  radu@grvtech.ca  iduser : 1
2025-10-21 13:34:17,033 INFO c.g.c.d.ChbDBridge [https-jsse-nio-444-exec-8] Get User Notes iduser:1
2025-10-21 13:34:47,059 INFO c.g.c.d.ChbDBridge [https-jsse-nio-444-exec-9] Get User ID Session :radu  radu@grvtech.ca  iduser : 1
2025-10-21 13:34:47,060 INFO c.g.c.d.ChbDBridge [https-jsse-nio-444-exec-9] Get User Notes iduser:1
2025-10-21 13:35:17,073 INFO c.g.c.d.ChbDBridge [https-jsse-nio-444-exec-3] Get User ID Session :radu  radu@grvtech.ca  iduser : 1
2025-10-21 13:35:17,074 INFO c.g.c.d.ChbDBridge [https-jsse-nio-444-exec-3] Get User Notes iduser:1
2025-10-21 13:35:47,089 INFO c.g.c.d.ChbDBridge [https-jsse-nio-444-exec-1] Get User ID Session :radu  radu@grvtech.ca  iduser : 1
2025-10-21 13:35:47,089 INFO c.g.c.d.ChbDBridge [https-jsse-nio-444-exec-1] Get User Notes iduser:1
2025-10-21 13:36:17,111 INFO c.g.c.d.ChbDBridge [https-jsse-nio-444-exec-4] Get User ID Session :radu  radu@grvtech.ca  iduser : 1
2025-10-21 13:36:17,112 INFO c.g.c.d.ChbDBridge [https-jsse-nio-444-exec-4] Get User Notes iduser:1
2025-10-21 13:36:47,133 INFO c.g.c.d.ChbDBridge [https-jsse-nio-444-exec-6] Get User ID Session :radu  radu@grvtech.ca  iduser : 1
2025-10-21 13:36:47,134 INFO c.g.c.d.ChbDBridge [https-jsse-nio-444-exec-6] Get User Notes iduser:1
2025-10-21 13:37:17,156 INFO c.g.c.d.ChbDBridge [https-jsse-nio-444-exec-5] Get User ID Session :radu  radu@grvtech.ca  iduser : 1
2025-10-21 13:37:17,157 INFO c.g.c.d.ChbDBridge [https-jsse-nio-444-exec-5] Get User Notes iduser:1
2025-10-21 13:37:47,177 INFO c.g.c.d.ChbDBridge [https-jsse-nio-444-exec-10] Get User ID Session :radu  radu@grvtech.ca  iduser : 1
2025-10-21 13:37:47,178 INFO c.g.c.d.ChbDBridge [https-jsse-nio-444-exec-10] Get User Notes iduser:1
2025-10-21 13:38:17,192 INFO c.g.c.d.ChbDBridge [https-jsse-nio-444-exec-7] Get User ID Session :radu  radu@grvtech.ca  iduser : 1
2025-10-21 13:38:17,193 INFO c.g.c.d.ChbDBridge [https-jsse-nio-444-exec-7] Get User Notes iduser:1
2025-10-21 13:38:47,214 INFO c.g.c.d.ChbDBridge [https-jsse-nio-444-exec-2] Get User ID Session :radu  radu@grvtech.ca  iduser : 1
2025-10-21 13:38:47,215 INFO c.g.c.d.ChbDBridge [https-jsse-nio-444-exec-2] Get User Notes iduser:1
2025-10-21 13:39:17,238 INFO c.g.c.d.ChbDBridge [https-jsse-nio-444-exec-8] Get User ID Session :radu  radu@grvtech.ca  iduser : 1
2025-10-21 13:39:17,239 INFO c.g.c.d.ChbDBridge [https-jsse-nio-444-exec-8] Get User Notes iduser:1
2025-10-21 13:39:47,252 INFO c.g.c.d.ChbDBridge [https-jsse-nio-444-exec-9] Get User ID Session :radu  radu@grvtech.ca  iduser : 1
2025-10-21 13:39:47,254 INFO c.g.c.d.ChbDBridge [https-jsse-nio-444-exec-9] Get User Notes iduser:1
2025-10-21 13:40:17,269 INFO c.g.c.d.ChbDBridge [https-jsse-nio-444-exec-3] Get User ID Session :radu  radu@grvtech.ca  iduser : 1
2025-10-21 13:40:17,270 INFO c.g.c.d.ChbDBridge [https-jsse-nio-444-exec-3] Get User Notes iduser:1
2025-10-21 13:40:47,286 INFO c.g.c.d.ChbDBridge [https-jsse-nio-444-exec-1] Get User ID Session :radu  radu@grvtech.ca  iduser : 1
2025-10-21 13:40:47,287 INFO c.g.c.d.ChbDBridge [https-jsse-nio-444-exec-1] Get User Notes iduser:1
2025-10-21 13:41:17,311 INFO c.g.c.d.ChbDBridge [https-jsse-nio-444-exec-4] Get User ID Session :radu  radu@grvtech.ca  iduser : 1
2025-10-21 13:41:17,312 INFO c.g.c.d.ChbDBridge [https-jsse-nio-444-exec-4] Get User Notes iduser:1
2025-10-21 13:41:47,340 INFO c.g.c.d.ChbDBridge [https-jsse-nio-444-exec-6] Get User ID Session :radu  radu@grvtech.ca  iduser : 1
2025-10-21 13:41:47,340 INFO c.g.c.d.ChbDBridge [https-jsse-nio-444-exec-6] Get User Notes iduser:1
2025-10-21 13:42:17,352 INFO c.g.c.d.ChbDBridge [https-jsse-nio-444-exec-5] Get User ID Session :radu  radu@grvtech.ca  iduser : 1
2025-10-21 13:42:17,353 INFO c.g.c.d.ChbDBridge [https-jsse-nio-444-exec-5] Get User Notes iduser:1
2025-10-21 13:42:47,693 INFO c.g.c.d.ChbDBridge [https-jsse-nio-444-exec-10] Get User ID Session :radu  radu@grvtech.ca  iduser : 1
2025-10-21 13:42:47,694 INFO c.g.c.d.ChbDBridge [https-jsse-nio-444-exec-10] Get User Notes iduser:1
2025-10-21 13:43:18,683 INFO c.g.c.d.ChbDBridge [https-jsse-nio-444-exec-7] Get User ID Session :radu  radu@grvtech.ca  iduser : 1
2025-10-21 13:43:18,683 INFO c.g.c.d.ChbDBridge [https-jsse-nio-444-exec-7] Get User Notes iduser:1
2025-10-21 13:44:16,685 INFO c.g.c.d.ChbDBridge [https-jsse-nio-444-exec-2] Get User ID Session :radu  radu@grvtech.ca  iduser : 1
2025-10-21 13:44:16,686 INFO c.g.c.d.ChbDBridge [https-jsse-nio-444-exec-2] Get User Notes iduser:1
2025-10-21 13:45:16,683 INFO c.g.c.d.ChbDBridge [https-jsse-nio-444-exec-8] Get User ID Session :radu  radu@grvtech.ca  iduser : 1
2025-10-21 13:45:16,684 INFO c.g.c.d.ChbDBridge [https-jsse-nio-444-exec-8] Get User Notes iduser:1
2025-10-21 13:46:16,693 INFO c.g.c.d.ChbDBridge [https-jsse-nio-444-exec-9] Get User ID Session :radu  radu@grvtech.ca  iduser : 1
2025-10-21 13:46:16,694 INFO c.g.c.d.ChbDBridge [https-jsse-nio-444-exec-9] Get User Notes iduser:1
2025-10-21 13:47:16,688 INFO c.g.c.d.ChbDBridge [https-jsse-nio-444-exec-3] Get User ID Session :radu  radu@grvtech.ca  iduser : 1
2025-10-21 13:47:16,689 INFO c.g.c.d.ChbDBridge [https-jsse-nio-444-exec-3] Get User Notes iduser:1
2025-10-21 13:47:52,487 INFO c.g.c.d.ChbDBridge [https-jsse-nio-444-exec-1] Get User ID Session :radu  radu@grvtech.ca  iduser : 1
2025-10-21 13:47:52,489 INFO c.g.c.d.ChbDBridge [https-jsse-nio-444-exec-1] Get User Notes iduser:1
2025-10-21 13:48:22,519 INFO c.g.c.d.ChbDBridge [https-jsse-nio-444-exec-4] Get User ID Session :radu  radu@grvtech.ca  iduser : 1
2025-10-21 13:48:22,521 INFO c.g.c.d.ChbDBridge [https-jsse-nio-444-exec-4] Get User Notes iduser:1
2025-10-21 13:48:52,549 INFO c.g.c.d.ChbDBridge [https-jsse-nio-444-exec-6] Get User ID Session :radu  radu@grvtech.ca  iduser : 1
2025-10-21 13:48:52,549 INFO c.g.c.d.ChbDBridge [https-jsse-nio-444-exec-6] Get User Notes iduser:1
2025-10-21 13:49:22,571 INFO c.g.c.d.ChbDBridge [https-jsse-nio-444-exec-5] Get User ID Session :radu  radu@grvtech.ca  iduser : 1
2025-10-21 13:49:22,573 INFO c.g.c.d.ChbDBridge [https-jsse-nio-444-exec-5] Get User Notes iduser:1
2025-10-21 13:49:52,588 INFO c.g.c.d.ChbDBridge [https-jsse-nio-444-exec-10] Get User ID Session :radu  radu@grvtech.ca  iduser : 1
2025-10-21 13:49:52,589 INFO c.g.c.d.ChbDBridge [https-jsse-nio-444-exec-10] Get User Notes iduser:1
2025-10-21 13:50:22,614 INFO c.g.c.d.ChbDBridge [https-jsse-nio-444-exec-7] Get User ID Session :radu  radu@grvtech.ca  iduser : 1
2025-10-21 13:50:22,616 INFO c.g.c.d.ChbDBridge [https-jsse-nio-444-exec-7] Get User Notes iduser:1
2025-10-21 13:50:52,637 INFO c.g.c.d.ChbDBridge [https-jsse-nio-444-exec-2] Get User ID Session :radu  radu@grvtech.ca  iduser : 1
2025-10-21 13:50:52,637 INFO c.g.c.d.ChbDBridge [https-jsse-nio-444-exec-2] Get User Notes iduser:1
2025-10-21 13:51:22,660 INFO c.g.c.d.ChbDBridge [https-jsse-nio-444-exec-8] Get User ID Session :radu  radu@grvtech.ca  iduser : 1
2025-10-21 13:51:22,661 INFO c.g.c.d.ChbDBridge [https-jsse-nio-444-exec-8] Get User Notes iduser:1
2025-10-21 13:51:52,674 INFO c.g.c.d.ChbDBridge [https-jsse-nio-444-exec-9] Get User ID Session :radu  radu@grvtech.ca  iduser : 1
2025-10-21 13:51:52,675 INFO c.g.c.d.ChbDBridge [https-jsse-nio-444-exec-9] Get User Notes iduser:1
2025-10-21 13:52:22,691 INFO c.g.c.d.ChbDBridge [https-jsse-nio-444-exec-3] Get User ID Session :radu  radu@grvtech.ca  iduser : 1
2025-10-21 13:52:22,691 INFO c.g.c.d.ChbDBridge [https-jsse-nio-444-exec-3] Get User Notes iduser:1
2025-10-21 13:52:52,715 INFO c.g.c.d.ChbDBridge [https-jsse-nio-444-exec-1] Get User ID Session :radu  radu@grvtech.ca  iduser : 1
2025-10-21 13:52:52,715 INFO c.g.c.d.ChbDBridge [https-jsse-nio-444-exec-1] Get User Notes iduser:1
2025-10-21 13:53:22,755 INFO c.g.c.d.ChbDBridge [https-jsse-nio-444-exec-6] Get User ID Session :radu  radu@grvtech.ca  iduser : 1
2025-10-21 13:53:22,756 INFO c.g.c.d.ChbDBridge [https-jsse-nio-444-exec-6] Get User Notes iduser:1
2025-10-21 13:53:52,778 INFO c.g.c.d.ChbDBridge [https-jsse-nio-444-exec-5] Get User ID Session :radu  radu@grvtech.ca  iduser : 1
2025-10-21 13:53:52,780 INFO c.g.c.d.ChbDBridge [https-jsse-nio-444-exec-5] Get User Notes iduser:1
2025-10-21 13:54:22,813 INFO c.g.c.d.ChbDBridge [https-jsse-nio-444-exec-10] Get User ID Session :radu  radu@grvtech.ca  iduser : 1
2025-10-21 13:54:22,815 INFO c.g.c.d.ChbDBridge [https-jsse-nio-444-exec-10] Get User Notes iduser:1
2025-10-21 13:54:52,827 INFO c.g.c.d.ChbDBridge [https-jsse-nio-444-exec-7] Get User ID Session :radu  radu@grvtech.ca  iduser : 1
2025-10-21 13:54:52,828 INFO c.g.c.d.ChbDBridge [https-jsse-nio-444-exec-7] Get User Notes iduser:1
2025-10-21 13:55:22,843 INFO c.g.c.d.ChbDBridge [https-jsse-nio-444-exec-2] Get User ID Session :radu  radu@grvtech.ca  iduser : 1
2025-10-21 13:55:22,845 INFO c.g.c.d.ChbDBridge [https-jsse-nio-444-exec-2] Get User Notes iduser:1
2025-10-21 13:55:52,856 INFO c.g.c.d.ChbDBridge [https-jsse-nio-444-exec-8] Get User ID Session :radu  radu@grvtech.ca  iduser : 1
2025-10-21 13:55:52,858 INFO c.g.c.d.ChbDBridge [https-jsse-nio-444-exec-8] Get User Notes iduser:1
2025-10-21 13:56:22,873 INFO c.g.c.d.ChbDBridge [https-jsse-nio-444-exec-9] Get User ID Session :radu  radu@grvtech.ca  iduser : 1
2025-10-21 13:56:22,874 INFO c.g.c.d.ChbDBridge [https-jsse-nio-444-exec-9] Get User Notes iduser:1
2025-10-21 13:56:52,897 INFO c.g.c.d.ChbDBridge [https-jsse-nio-444-exec-3] Get User ID Session :radu  radu@grvtech.ca  iduser : 1
2025-10-21 13:56:52,901 INFO c.g.c.d.ChbDBridge [https-jsse-nio-444-exec-3] Get User Notes iduser:1
2025-10-21 13:57:22,923 INFO c.g.c.d.ChbDBridge [https-jsse-nio-444-exec-1] Get User ID Session :radu  radu@grvtech.ca  iduser : 1
2025-10-21 13:57:22,925 INFO c.g.c.d.ChbDBridge [https-jsse-nio-444-exec-1] Get User Notes iduser:1
2025-10-21 13:57:52,941 INFO c.g.c.d.ChbDBridge [https-jsse-nio-444-exec-4] Get User ID Session :radu  radu@grvtech.ca  iduser : 1
2025-10-21 13:57:52,943 INFO c.g.c.d.ChbDBridge [https-jsse-nio-444-exec-4] Get User Notes iduser:1
2025-10-21 13:58:22,955 INFO c.g.c.d.ChbDBridge [https-jsse-nio-444-exec-6] Get User ID Session :radu  radu@grvtech.ca  iduser : 1
2025-10-21 13:58:22,957 INFO c.g.c.d.ChbDBridge [https-jsse-nio-444-exec-6] Get User Notes iduser:1
2025-10-21 13:58:52,982 INFO c.g.c.d.ChbDBridge [https-jsse-nio-444-exec-5] Get User ID Session :radu  radu@grvtech.ca  iduser : 1
2025-10-21 13:58:52,985 INFO c.g.c.d.ChbDBridge [https-jsse-nio-444-exec-5] Get User Notes iduser:1
2025-10-21 13:59:23,022 INFO c.g.c.d.ChbDBridge [https-jsse-nio-444-exec-10] Get User ID Session :radu  radu@grvtech.ca  iduser : 1
2025-10-21 13:59:23,025 INFO c.g.c.d.ChbDBridge [https-jsse-nio-444-exec-10] Get User Notes iduser:1
2025-10-21 13:59:53,052 INFO c.g.c.d.ChbDBridge [https-jsse-nio-444-exec-7] Get User ID Session :radu  radu@grvtech.ca  iduser : 1
2025-10-21 13:59:53,054 INFO c.g.c.d.ChbDBridge [https-jsse-nio-444-exec-7] Get User Notes iduser:1
2025-10-21 14:00:23,080 INFO c.g.c.d.ChbDBridge [https-jsse-nio-444-exec-2] Get User ID Session :radu  radu@grvtech.ca  iduser : 1
2025-10-21 14:00:23,081 INFO c.g.c.d.ChbDBridge [https-jsse-nio-444-exec-2] Get User Notes iduser:1
2025-10-21 14:00:53,236 INFO c.g.c.d.ChbDBridge [https-jsse-nio-444-exec-8] Get User ID Session :radu  radu@grvtech.ca  iduser : 1
2025-10-21 14:00:53,238 INFO c.g.c.d.ChbDBridge [https-jsse-nio-444-exec-8] Get User Notes iduser:1
2025-10-21 14:01:20,956 INFO o.s.b.a.SpringApplicationAdminMXBeanRegistrar$SpringApplicationAdmin [RMI TCP Connection(194)-127.0.0.1] Application shutdown requested.
2025-10-21 14:01:21,320 INFO o.s.s.c.ExecutorConfigurationSupport [RMI TCP Connection(194)-127.0.0.1] Shutting down ExecutorService 'applicationTaskExecutor'
2025-10-21 14:01:21,321 INFO c.z.h.HikariDataSource [RMI TCP Connection(194)-127.0.0.1] HikariPool-1 - Shutdown initiated...
2025-10-21 14:01:21,322 INFO c.z.h.HikariDataSource [RMI TCP Connection(194)-127.0.0.1] HikariPool-1 - Shutdown completed.
